date,open,high,low,close
2018-01-01,10180.76,10275.28,10144.03,10238.34
2018-01-02,10252.72,10283.09,10095.94,10125.93
2018-01-03,10131.86,10402.7,9944.63,10213.95
2018-01-04,10233.26,10395.69,10162.51,10324.31
2018-01-05,10328.39,10437.87,10001.98,10109.14
2018-01-08,10134.0,10141.06,9962.4,9969.35
2018-01-09,9972.18,10111.91,9847.83,9987.38
2018-01-10,10010.91,10218.45,9750.26,9956.67
2018-01-11,9982.72,9985.26,9956.28,9958.82
2018-01-12,9934.81,9968.41,9836.37,9869.75
2018-01-15,9816.36,10004.73,9781.85,9969.68
2018-01-16,10015.95,10091.9,9983.55,10059.36
2018-01-17,10067.11,10135.18,10002.66,10070.7
2018-01-18,10019.04,10390.88,9831.97,10200.43
2018-01-19,10178.61,10347.68,10088.75,10257.12
2018-01-22,10280.9,10355.27,10091.17,10164.69
2018-01-23,10156.17,10261.87,10104.66,10210.09
2018-01-24,10194.42,10284.43,10017.77,10107.01
2018-01-25,10149.57,10324.0,10035.47,10209.23
2018-01-26,10177.2,10283.44,10101.69,10207.7
2018-01-29,10183.29,10216.45,10157.9,10191.04
2018-01-30,10197.51,10344.62,9973.06,10119.04
2018-01-31,10130.9,10444.41,9948.96,10260.14
2018-02-01,10275.43,10304.21,10218.12,10246.82
2018-02-02,10274.87,10348.02,10130.09,10202.73
2018-02-05,10208.81,10387.51,9989.38,10167.35
2018-02-06,10182.29,10279.83,10133.85,10231.15
2018-02-07,10223.2,10468.2,10032.47,10276.47
2018-02-08,10278.41,10453.65,10152.72,10327.37
2018-02-09,10330.7,10404.08,10307.31,10380.58
2018-02-12,10387.28,10633.11,10386.47,10632.28
2018-02-13,10656.95,10740.2,10506.37,10589.09
2018-02-14,10606.74,10711.48,10429.78,10533.8
2018-02-15,10535.2,10567.05,10412.53,10444.11
2018-02-16,10418.78,10522.48,10415.65,10519.32
2018-02-19,10521.46,10683.22,10493.62,10655.03
2018-02-20,10654.14,10706.07,10594.05,10645.94
2018-02-21,10652.11,10664.59,10539.87,10552.23
2018-02-22,10622.31,10633.54,10450.09,10461.14
2018-02-23,10444.72,10668.48,10317.89,10540.49
2018-02-26,10553.85,10744.43,10441.52,10631.27
2018-02-27,10665.41,10744.21,10620.6,10699.26
2018-02-28,10702.41,10864.32,10464.73,10625.47
2018-03-01,10700.26,10736.65,10620.66,10656.9
2018-03-02,10644.83,10827.32,10492.79,10674.86
2018-03-05,10685.24,10755.96,10634.23,10704.85
2018-03-06,10679.23,11123.52,10371.83,10812.28
2018-03-07,10800.89,10957.03,10687.54,10843.25
2018-03-08,10851.35,10995.19,10785.52,10928.9
2018-03-09,10956.68,10997.06,10901.08,10941.4
2018-03-12,10951.88,11019.03,10913.6,10980.64
2018-03-13,11022.2,11251.42,10833.05,11061.58
2018-03-14,11058.43,11123.48,10826.0,10890.05
2018-03-15,10879.2,10965.84,10769.71,10856.17
2018-03-16,10944.59,11056.55,10693.93,10804.46
2018-03-19,10817.25,10884.32,10666.53,10733.09
2018-03-20,10709.95,10800.52,10614.41,10704.94
2018-03-21,10682.66,11021.65,10550.32,10886.78
2018-03-22,10856.04,10973.48,10671.2,10787.9
2018-03-23,10818.25,10965.33,10761.17,10907.78
2018-03-26,10895.86,10915.45,10692.74,10712.0
2018-03-27,10716.09,10737.42,10655.64,10676.88
2018-03-28,10674.85,10707.71,10667.45,10700.29
2018-03-29,10723.8,10834.58,10663.33,10773.82
2018-03-30,10746.49,10865.76,10743.55,10862.79
2018-04-02,10827.79,11044.24,10746.94,10962.38
2018-04-03,10969.76,11070.99,10823.97,10924.78
2018-04-04,10944.5,11016.93,10801.75,10873.71
2018-04-05,10884.56,11002.68,10863.29,10981.21
2018-04-06,10954.58,10965.11,10951.98,10962.51
2018-04-09,10984.81,11005.63,10793.59,10814.08
2018-04-10,10789.97,10837.53,10637.29,10684.38
2018-04-11,10667.67,10726.56,10522.68,10581.09
2018-04-12,10551.17,10780.65,10415.08,10643.37
2018-04-13,10685.0,10710.17,10639.2,10664.33
2018-04-16,10684.61,10790.93,10643.86,10749.93
2018-04-17,10769.46,10815.18,10658.37,10703.81
2018-04-18,10743.93,10917.57,10553.42,10726.78
2018-04-19,10817.68,10892.93,10730.01,10805.17
2018-04-20,10749.91,10865.78,10657.1,10772.78
2018-04-23,10748.94,10996.98,10584.6,10831.37
2018-04-24,10811.37,10917.7,10651.3,10757.1
2018-04-25,10729.67,10872.36,10575.97,10718.51
2018-04-26,10683.92,10718.65,10643.15,10677.87
2018-04-27,10668.27,10695.67,10515.47,10542.54
2018-04-30,10504.13,10707.83,10400.69,10603.41
2018-05-01,10614.07,10657.67,10509.67,10553.02
2018-05-02,10554.66,10639.32,10474.06,10558.69
2018-05-03,10573.94,10681.64,10511.49,10618.92
2018-05-04,10635.11,10720.35,10590.41,10675.48
2018-05-07,10694.81,10833.88,10619.58,10758.21
2018-05-08,10746.16,10783.27,10713.76,10750.86
2018-05-09,10819.49,10929.74,10596.11,10705.19
2018-05-10,10712.73,10730.08,10682.75,10700.09
2018-05-11,10640.47,10759.51,10389.98,10507.52
2018-05-14,10475.97,10575.79,10247.15,10345.72
2018-05-15,10291.84,10327.58,10164.95,10200.37
2018-05-16,10200.9,10366.44,9929.33,10093.12
2018-05-17,10089.43,10176.8,10054.47,10141.66
2018-05-18,10127.42,10161.9,10010.96,10045.16
2018-05-21,10105.95,10174.08,9939.99,10007.47
2018-05-22,10023.96,10176.98,10002.83,10155.58
2018-05-23,10177.72,10211.6,10086.21,10119.9
2018-05-24,10091.67,10292.5,10006.56,10206.42
2018-05-25,10175.87,10301.99,9980.92,10106.18
2018-05-28,10107.29,10333.14,9862.0,10087.4
2018-05-29,10092.64,10163.5,9916.41,9986.53
2018-05-30,9931.07,9993.95,9890.54,9953.33
2018-05-31,9947.95,10086.07,9912.03,10049.78
2018-06-01,10050.2,10199.88,9717.67,9864.58
2018-06-04,9858.21,9978.11,9796.26,9915.8
2018-06-05,9891.63,10005.26,9832.43,9945.74
2018-06-06,9929.65,9941.05,9873.56,9884.9
2018-06-07,9879.66,9915.64,9697.36,9732.8
2018-06-08,9735.45,9782.31,9697.6,9744.42
2018-06-11,9762.12,9897.32,9557.48,9691.71
2018-06-12,9723.19,9797.26,9646.38,9720.43
2018-06-13,9711.85,9836.34,9602.35,9726.66
2018-06-14,9713.36,9910.04,9706.97,9903.52
2018-06-15,9916.53,9955.89,9842.2,9881.43
2018-06-18,9899.55,9922.33,9752.23,9774.71
2018-06-19,9761.99,9854.79,9705.33,9797.93
2018-06-20,9821.19,9970.65,9676.2,9825.6
2018-06-21,9854.51,9994.12,9838.19,9977.59
2018-06-22,10016.33,10113.0,9977.25,10073.7
2018-06-25,10127.59,10225.28,10019.78,10117.37
2018-06-26,10091.11,10351.04,10026.96,10285.65
2018-06-27,10286.08,10339.91,10102.94,10156.09
2018-06-28,10156.43,10157.35,10088.0,10088.9
2018-06-29,10085.94,10085.96,9990.57,9990.59
2018-07-02,9971.15,9993.93,9929.09,9951.83
2018-07-03,9907.57,10089.94,9625.68,9806.18
2018-07-04,9808.9,9908.11,9779.88,9878.88
2018-07-05,9856.13,10065.02,9649.88,9858.7
2018-07-06,9861.25,9889.56,9676.5,9704.37
2018-07-09,9681.28,9684.5,9597.2,9600.4
2018-07-10,9568.78,9641.1,9565.12,9637.42
2018-07-11,9644.19,9751.63,9623.32,9730.57
2018-07-12,9734.98,9953.15,9732.52,9950.64
2018-07-13,9967.94,10283.62,9963.33,10278.86
2018-07-16,10346.48,10402.3,10274.22,10329.95
2018-07-17,10338.55,10387.87,10173.45,10222.21
2018-07-18,10237.09,10322.47,9905.95,9989.26
2018-07-19,9957.02,10289.42,9692.07,10022.72
2018-07-20,9984.1,10047.0,9874.87,9937.47
2018-07-23,9984.77,9993.57,9887.41,9896.13
2018-07-24,9868.75,9998.64,9704.23,9833.65
2018-07-25,9802.9,9832.43,9792.86,9822.36
2018-07-26,9821.21,10023.84,9740.56,9942.19
2018-07-27,9939.5,10002.16,9900.8,9963.37
2018-07-30,9936.43,10041.48,9845.05,9949.98
2018-07-31,9940.88,9982.17,9800.33,9841.2
2018-08-01,9877.57,9926.97,9617.09,9665.44
2018-08-02,9642.1,9792.38,9467.81,9617.72
2018-08-03,9577.59,9771.31,9422.77,9615.88
2018-08-06,9643.11,9911.51,9541.96,9808.63
2018-08-07,9823.13,9958.81,9690.99,9826.63
2018-08-08,9808.35,10026.74,9720.18,9937.4
2018-08-09,9890.35,9940.6,9836.7,9886.93
2018-08-10,9864.87,9939.09,9689.35,9762.8
2018-08-13,9761.2,9774.22,9650.68,9663.57
2018-08-14,9697.42,9737.61,9550.88,9590.62
2018-08-15,9560.84,9824.25,9558.4,9821.74
2018-08-16,9819.25,9840.85,9715.88,9737.3
2018-08-17,9757.04,10007.83,9582.0,9831.45
2018-08-20,9761.47,9857.83,9642.05,9738.18
2018-08-21,9768.43,9849.45,9761.46,9842.42
2018-08-22,9807.57,9930.33,9765.73,9888.14
2018-08-23,9898.0,9946.8,9826.38,9875.07
2018-08-24,9882.38,9913.55,9843.44,9874.59
2018-08-27,9906.77,9984.69,9730.51,9807.65
2018-08-28,9823.87,10055.51,9628.91,9859.83
2018-08-29,9789.76,9849.7,9754.69,9814.53
2018-08-30,9791.45,9836.18,9642.73,9686.98
2018-08-31,9691.0,9708.02,9538.79,9555.58
2018-09-03,9549.99,9674.32,9453.52,9577.57
2018-09-04,9591.3,9756.91,9583.8,9749.28
2018-09-05,9772.4,9898.34,9644.44,9770.36
2018-09-06,9788.21,9876.7,9673.28,9761.53
2018-09-07,9755.25,9860.9,9690.81,9796.18
2018-09-10,9742.07,10015.74,9669.72,9941.91
2018-09-11,9928.33,10001.73,9896.65,9969.91
2018-09-12,9982.38,10021.72,9889.79,9928.92
2018-09-13,9896.49,10227.46,9726.26,10054.51
2018-09-14,10073.57,10137.43,10042.32,10106.08
2018-09-17,10133.66,10313.04,10103.43,10282.37
2018-09-18,10286.28,10340.77,10252.82,10307.24
2018-09-19,10212.93,10266.53,10120.01,10173.41
2018-09-20,10134.47,10329.46,9832.56,10025.45
2018-09-21,10082.34,10300.33,9996.39,10213.27
2018-09-24,10196.53,10454.0,10156.31,10412.92
2018-09-25,10351.13,10412.93,10334.81,10396.54
2018-09-26,10435.14,10447.74,10344.45,10356.95
2018-09-27,10357.37,10597.21,10290.27,10529.01
2018-09-28,10563.97,10708.5,10263.36,10405.73
2018-10-01,10414.38,10468.44,10254.43,10307.94
2018-10-02,10322.13,10489.14,10218.91,10385.3
2018-10-03,10396.61,10558.69,10183.19,10344.45
2018-10-04,10366.12,10446.0,10268.27,10348.01
2018-10-05,10418.95,10620.91,10133.25,10333.55
2018-10-08,10363.7,10514.37,10225.64,10376.15
2018-10-09,10327.07,10554.54,10315.04,10542.26
2018-10-10,10556.39,10600.88,10512.51,10556.99
2018-10-11,10593.2,10760.25,10469.74,10636.29
2018-10-12,10674.73,10857.42,10225.22,10403.26
2018-10-15,10389.96,10430.46,10361.38,10401.85
2018-10-16,10438.27,10481.88,10266.86,10309.94
2018-10-17,10338.67,10401.63,10114.73,10176.7
2018-10-18,10255.55,10320.73,10018.82,10082.91
2018-10-19,10060.25,10093.93,10016.29,10049.94
2018-10-22,10034.65,10181.08,10009.63,10155.76
2018-10-23,10146.44,10200.99,9958.83,10012.67
2018-10-24,9997.95,10163.69,9854.63,10020.05
2018-10-25,9993.33,10133.77,9830.68,9970.81
2018-10-26,9888.51,9954.86,9872.64,9938.91
2018-10-29,9925.96,10166.49,9814.07,10053.17
2018-10-30,10064.31,10212.64,9969.07,10116.9
2018-10-31,10101.94,10354.38,10019.87,10270.94
2018-11-01,10330.75,10436.38,10152.72,10257.6
2018-11-02,10258.01,10280.61,10161.02,10183.45
2018-11-05,10222.96,10228.9,10156.56,10162.47
2018-11-06,10170.44,10235.35,10128.87,10193.69
2018-11-07,10218.99,10310.18,10126.41,10217.59
2018-11-08,10226.15,10340.14,9987.9,10100.48
2018-11-09,10142.04,10146.37,10110.26,10114.58
2018-11-12,10116.28,10185.62,10074.83,10144.06
2018-11-13,10159.17,10496.02,10097.88,10433.07
2018-11-14,10444.54,10800.03,10302.35,10654.97
2018-11-15,10645.75,10653.47,10552.0,10559.65
2018-11-16,10572.49,10690.65,10412.84,10530.53
2018-11-19,10601.36,10651.11,10317.87,10366.52
2018-11-20,10358.11,10380.42,10281.3,10303.5
2018-11-21,10316.47,10348.52,10311.44,10343.47
2018-11-22,10382.57,10642.42,10227.46,10485.77
2018-11-23,10521.71,10653.96,10275.38,10406.18
2018-11-26,10406.54,10418.92,10323.41,10335.7
2018-11-27,10262.06,10329.47,10032.14,10098.47
2018-11-28,10114.13,10181.07,10017.71,10084.45
2018-11-29,10017.52,10032.06,9956.8,9971.27
2018-11-30,10015.34,10091.74,9841.68,9917.33
2018-12-03,9922.38,10030.3,9719.19,9826.07
2018-12-04,9855.58,9882.59,9792.9,9819.81
2018-12-05,9793.27,9824.9,9604.5,9635.62
2018-12-06,9590.85,9705.48,9371.8,9485.17
2018-12-07,9492.59,9812.68,9396.0,9713.83
2018-12-10,9712.85,9778.27,9516.54,9581.07
2018-12-11,9566.95,9686.65,9351.48,9469.96
2018-12-12,9472.37,9726.3,9414.38,9667.12
2018-12-13,9747.72,10073.23,9661.6,9985.02
2018-12-14,10010.05,10074.14,9797.98,9861.11
2018-12-17,9892.21,9907.07,9810.43,9825.18
2018-12-18,9850.09,9986.84,9729.56,9866.11
2018-12-19,9910.0,10076.25,9893.54,10059.54
2018-12-20,10053.8,10185.99,9824.02,9954.91
2018-12-21,9893.73,9936.7,9889.11,9932.06
2018-12-24,9926.44,10167.34,9781.84,10021.36
2018-12-25,10045.79,10120.3,9999.04,10073.43
2018-12-26,10044.16,10077.57,10002.47,10035.85
2018-12-27,10030.54,10198.95,9856.77,10025.09
2018-12-28,10004.31,10078.95,9804.86,9878.57
2018-12-31,9923.18,9960.11,9819.98,9856.66
2019-01-01,9878.85,9949.96,9760.97,9831.75
2019-01-02,9850.99,9982.12,9729.83,9860.84
2019-01-03,9879.24,9962.92,9721.66,9804.71
2019-01-04,9803.61,9888.54,9774.87,9859.64
2019-01-07,9865.48,10163.51,9678.11,9974.07
2019-01-08,9938.67,9998.41,9935.42,9995.14
2019-01-09,9929.79,10128.03,9840.64,10037.9
2019-01-10,10042.42,10056.75,10033.47,10047.79
2019-01-11,10057.56,10152.95,9956.49,10051.82
2019-01-14,10088.35,10126.02,9939.1,9976.34
2019-01-15,10023.48,10025.19,10013.44,10015.14
2019-01-16,10062.42,10186.43,9885.1,10008.43
2019-01-17,9978.51,10246.25,9977.92,10245.65
2019-01-18,10234.82,10499.22,10165.6,10428.68
2019-01-21,10443.72,10499.99,10421.03,10477.23
2019-01-22,10557.11,10682.0,10270.86,10393.81
2019-01-23,10440.06,10477.38,10234.8,10271.51
2019-01-24,10306.06,10465.18,10252.56,10411.14
2019-01-25,10399.04,10672.42,10173.08,10445.45
2019-01-28,10417.81,10562.45,10360.81,10504.97
2019-01-29,10529.86,10554.67,10285.12,10309.42
2019-01-30,10275.43,10472.09,10223.37,10419.3
2019-01-31,10411.85,10495.25,10392.41,10475.7
2019-02-01,10472.09,10507.27,10317.89,10352.66
2019-02-04,10402.25,10407.14,10298.38,10303.22
2019-02-05,10292.27,10436.11,10193.87,10337.29
2019-02-06,10261.92,10403.58,10206.2,10347.4
2019-02-07,10363.07,10453.0,10228.77,10318.32
2019-02-08,10296.7,10359.56,10247.91,10310.7
2019-02-11,10312.02,10313.11,10285.19,10286.28
2019-02-12,10283.6,10336.24,10255.1,10307.68
2019-02-13,10299.22,10703.87,10079.28,10480.07
2019-02-14,10504.95,10580.48,10119.12,10192.4
2019-02-15,10145.64,10196.61,10119.04,10169.95
2019-02-18,10154.18,10261.09,10087.15,10193.79
2019-02-19,10214.73,10391.89,10054.22,10231.12
2019-02-20,10212.29,10291.99,10113.88,10193.43
2019-02-21,10144.35,10204.91,9942.63,10002.34
2019-02-22,10022.42,10087.81,9977.22,10042.51
2019-02-25,10076.41,10262.47,10053.56,10239.25
2019-02-26,10237.87,10284.41,10026.17,10071.96
2019-02-27,10012.89,10240.06,9946.08,10172.19
2019-02-28,10193.76,10228.68,10104.82,10139.55
2019-03-01,10089.19,10156.01,10070.04,10136.77
2019-03-04,10146.17,10149.91,10020.36,10024.05
2019-03-05,9997.4,10035.32,9953.34,9991.24
2019-03-06,9956.53,10159.67,9936.44,10139.2
2019-03-07,10125.77,10213.78,10120.5,10208.48
2019-03-08,10202.86,10467.75,10145.31,10409.03
2019-03-11,10388.93,10706.17,10234.08,10548.94
2019-03-12,10567.59,10702.28,10469.9,10604.25
2019-03-13,10590.07,10854.66,10550.22,10813.97
2019-03-14,10845.81,10901.29,10815.25,10870.66
2019-03-15,10879.83,11144.44,10711.37,10974.51
2019-03-18,10951.57,11038.64,10856.14,10943.14
2019-03-19,10914.75,11026.42,10844.13,10955.54
2019-03-20,10901.52,10994.56,10783.34,10876.16
2019-03-21,10885.65,11030.91,10854.67,10999.6
2019-03-22,10987.9,11120.67,10731.05,10862.29
2019-03-25,10785.26,11006.71,10739.85,10960.56
2019-03-26,10942.96,11150.23,10734.72,10941.97
2019-03-27,10912.44,11111.75,10889.35,11088.29
2019-03-28,11140.83,11233.96,11091.79,11184.73
2019-03-29,11127.74,11565.04,10982.02,11415.55
2019-04-01,11366.3,11622.27,11257.71,11512.29
2019-04-02,11550.69,11683.61,11189.19,11319.45
2019-04-03,11365.62,11445.33,11236.28,11315.64
2019-04-04,11290.38,11360.03,11106.22,11175.17
2019-04-05,11154.0,11311.2,10959.41,11116.08
2019-04-08,11136.65,11381.52,11063.19,11306.94
2019-04-09,11228.27,11492.11,11128.67,11391.07
2019-04-10,11327.64,11419.06,11217.08,11308.35
2019-04-11,11298.83,11359.03,11127.81,11187.42
2019-04-12,11239.56,11265.51,11170.08,11195.94
2019-04-15,11181.31,11197.97,11035.06,11051.53
2019-04-16,11054.87,11178.64,10851.76,10974.63
2019-04-17,11012.02,11089.35,10939.47,11016.76
2019-04-18,11086.62,11171.1,11077.71,11162.13
2019-04-19,11142.83,11336.06,11049.22,11241.62
2019-04-22,11241.05,11321.09,10888.13,10966.21
2019-04-23,11026.32,11041.81,10991.93,11007.39
2019-04-24,10957.24,11048.54,10929.38,11020.52
2019-04-25,11054.55,11244.71,10885.4,11075.24
2019-04-26,11041.46,11383.24,10938.83,11278.41
2019-04-29,11281.88,11313.48,10998.83,11029.73
2019-04-30,11021.71,11035.08,10949.33,10962.63
2019-05-01,10931.17,11045.82,10923.96,11038.54
2019-05-02,11006.03,11106.68,10753.24,10852.49
2019-05-03,10861.5,11149.83,10748.01,11034.54
2019-05-06,11067.55,11106.81,11044.54,11083.78
2019-05-07,11079.46,11210.54,11061.06,11191.95
2019-05-08,11194.3,11263.67,11057.38,11126.33
2019-05-09,11145.41,11372.34,11005.01,11230.86
2019-05-10,11198.18,11459.08,11108.64,11368.19
2019-05-13,11393.44,11431.02,11364.35,11401.91
2019-05-14,11429.97,11616.48,11249.5,11435.92
2019-05-15,11525.59,11677.62,11323.21,11474.56
2019-05-16,11461.63,11462.4,11369.88,11370.66
2019-05-17,11355.04,11393.37,11318.43,11356.76
2019-05-20,11382.99,11474.6,11250.98,11342.26
2019-05-21,11370.16,11424.9,11340.08,11394.75
2019-05-22,11376.47,11637.61,11265.69,11525.37
2019-05-23,11511.44,11581.39,11327.25,11396.51
2019-05-24,11415.02,11521.29,11279.41,11385.4
2019-05-27,11357.17,11604.83,11329.95,11577.09
2019-05-28,11562.84,11751.36,11300.08,11487.37
2019-05-29,11490.46,11588.22,11291.6,11388.5
2019-05-30,11422.57,11479.34,11361.69,11418.43
2019-05-31,11397.74,11531.75,11395.62,11529.6
2019-06-03,11466.05,11809.14,11194.22,11535.66
2019-06-04,11469.52,11838.29,11344.08,11710.21
2019-06-05,11666.05,11840.05,11652.02,11825.83
2019-06-06,11779.34,12026.69,11694.43,11940.62
2019-06-07,11935.09,12123.66,11830.59,12018.43
2019-06-10,11975.64,12408.61,11904.24,12335.06
2019-06-11,12309.08,12386.77,12234.51,12312.18
2019-06-12,12283.62,12322.36,12010.63,12048.62
2019-06-13,12032.71,12460.31,11844.12,12268.03
2019-06-14,12316.8,12492.78,12036.84,12211.31
2019-06-17,12235.58,12274.31,12191.98,12230.7
2019-06-18,12231.29,12463.63,12181.52,12413.12
2019-06-19,12395.96,12482.3,12116.15,12201.14
2019-06-20,12185.29,12320.08,11905.95,12039.12
2019-06-21,12050.96,12119.27,11766.57,11833.65
2019-06-24,11854.4,11930.98,11659.61,11735.42
2019-06-25,11703.51,11830.09,11670.71,11797.03
2019-06-26,11798.32,11893.75,11774.7,11869.99
2019-06-27,11797.87,11963.42,11745.83,11910.88
2019-06-28,11918.45,11930.84,11719.71,11731.91
2019-07-01,11758.76,12076.75,11132.69,11442.12
2019-07-02,11432.51,11471.57,11414.51,11453.54
2019-07-03,11516.13,11581.21,11334.4,11398.81
2019-07-04,11368.72,11506.12,11324.11,11461.15
2019-07-05,11468.62,11565.04,11458.27,11554.61
2019-07-08,11553.36,11744.12,11386.41,11576.82
2019-07-09,11573.34,11710.7,11541.62,11678.7
2019-07-10,11674.69,11757.97,11629.72,11712.86
2019-07-11,11716.63,11894.4,11608.93,11786.07
2019-07-12,11816.09,11853.79,11662.41,11699.74
2019-07-15,11748.2,11841.04,11589.01,11681.32
2019-07-16,11681.24,11962.61,11430.59,11711.32
2019-07-17,11740.0,11871.87,11690.71,11822.23
2019-07-18,11797.37,11876.36,11696.99,11775.84
2019-07-19,11802.93,11885.1,11766.26,11848.29
2019-07-22,11821.23,11904.58,11735.09,11818.42
2019-07-23,11857.15,11872.67,11792.41,11807.87
2019-07-24,11886.44,12055.99,11751.7,11920.87
2019-07-25,11916.51,11947.46,11636.72,11667.03
2019-07-26,11590.54,11638.24,11459.08,11506.43
2019-07-29,11487.52,11538.66,11274.46,11324.88
2019-07-30,11366.81,11517.01,10896.37,11042.29
2019-07-31,11060.62,11226.74,10799.92,10964.59
2019-08-01,10972.78,11104.39,10928.52,11059.78
2019-08-02,11093.3,11176.13,10947.23,11029.58
2019-08-05,11045.63,11208.46,10895.36,11058.03
2019-08-06,11098.5,11219.45,11075.05,11195.79
2019-08-07,11226.72,11394.32,11197.8,11365.05
2019-08-08,11417.05,11493.12,11285.26,11360.95
2019-08-09,11373.19,11624.18,11286.24,11535.99
2019-08-12,11567.36,11603.97,11515.74,11552.31
2019-08-13,11541.67,11575.22,11417.68,11450.96
2019-08-14,11430.32,11549.06,11262.65,11380.89
2019-08-15,11439.31,11629.61,11015.17,11201.52
2019-08-16,11208.79,11282.04,11024.54,11097.06
2019-08-19,11123.89,11128.21,11053.57,11057.86
2019-08-20,11061.97,11165.82,11056.7,11160.51
2019-08-21,11140.88,11434.13,11086.24,11378.32
2019-08-22,11378.69,11390.28,11199.7,11211.11
2019-08-23,11259.52,11282.97,11240.73,11264.17
2019-08-26,11282.95,11387.98,11036.72,11140.43
2019-08-27,11083.38,11331.11,10956.87,11203.23
2019-08-28,11196.0,11308.34,11079.27,11191.57
2019-08-29,11251.57,11294.35,10931.09,10972.81
2019-08-30,10965.78,11099.39,10956.36,11089.87
2019-09-02,11030.13,11223.38,10827.63,11020.72
2019-09-03,11083.48,11124.71,10919.8,10960.57
2019-09-04,10983.03,11047.4,10773.17,10836.68
2019-09-05,10834.4,10886.92,10711.1,10763.27
2019-09-06,10751.28,10976.31,10594.33,10818.38
2019-09-09,10853.56,11122.17,10532.91,10800.2
2019-09-10,10782.65,10939.34,10687.51,10843.65
2019-09-11,10881.07,11153.04,10619.54,10891.26
2019-09-12,10908.99,11112.54,10852.27,11055.06
2019-09-13,11063.18,11170.85,10910.63,11017.86
2019-09-16,11022.67,11026.74,10840.65,10844.65
2019-09-17,10838.96,10983.62,10832.53,10977.1
2019-09-18,11011.59,11093.58,10860.06,10941.53
2019-09-19,10913.16,11260.31,10736.5,11080.93
2019-09-20,11027.15,11170.28,10989.44,11132.21
2019-09-23,11152.75,11205.73,11067.79,11120.61
2019-09-24,11141.69,11245.18,11064.52,11167.83
2019-09-25,11183.93,11484.79,11115.21,11414.66
2019-09-26,11428.63,11789.36,11324.7,11683.12
2019-09-27,11671.89,11877.87,11491.12,11696.72
2019-09-30,11724.38,11885.86,11560.58,11722.03
2019-10-01,11720.43,11959.99,11627.97,11866.38
2019-10-02,11849.05,11971.86,11639.31,11761.21
2019-10-03,11750.21,11841.65,11717.82,11809.1
2019-10-04,11880.9,12006.3,11685.81,11810.46
2019-10-07,11749.15,12184.05,11424.12,11856.06
2019-10-08,11873.85,11982.92,11644.6,11752.57
2019-10-09,11693.52,11742.07,11505.5,11553.48
2019-10-10,11549.73,11611.26,11237.33,11297.53
2019-10-11,11282.84,11433.71,11014.7,11163.98
2019-10-14,11094.37,11172.24,11034.47,11112.24
2019-10-15,11125.22,11211.46,10994.99,11080.89
2019-10-16,11068.26,11325.97,11066.41,11324.08
2019-10-17,11252.99,11471.55,11248.8,11467.28
2019-10-18,11496.2,11580.71,11267.65,11351.1
2019-10-21,11400.07,11405.97,11393.26,11399.16
2019-10-22,11450.23,11527.32,11276.33,11352.77
2019-10-23,11365.0,11382.0,11304.9,11321.84
2019-10-24,11323.4,11373.08,11299.86,11349.48
2019-10-25,11394.79,11526.64,11300.07,11431.62
2019-10-28,11489.46,11589.75,11294.14,11393.59
2019-10-29,11432.4,11575.64,11389.46,11532.32
2019-10-30,11499.79,11545.13,11348.0,11392.92
2019-10-31,11399.8,11414.4,11383.68,11398.27
2019-11-01,11413.31,11742.02,11404.89,11733.36
2019-11-04,11669.84,11856.73,11580.74,11766.89
2019-11-05,11783.48,11966.08,11776.17,11958.66
2019-11-06,12040.48,12106.28,11910.05,11975.49
2019-11-07,11998.5,12157.32,11898.73,12057.06
2019-11-08,12110.48,12283.42,11882.22,12054.36
2019-11-11,12060.97,12099.03,11998.61,12036.6
2019-11-12,12033.95,12093.99,11879.04,11938.61
2019-11-13,11952.27,12073.4,11879.2,12000.05
2019-11-14,11970.71,12236.25,11629.11,11892.93
2019-11-15,11858.59,12078.52,11766.16,11985.11
2019-11-18,12030.73,12273.18,11892.64,12133.9
2019-11-19,12183.96,12273.09,12098.69,12187.8
2019-11-20,12151.61,12352.52,11953.48,12154.34
2019-11-21,12189.69,12304.71,12105.27,12220.07
2019-11-22,12216.89,12492.19,11908.98,12183.52
2019-11-25,12195.95,12362.82,12148.07,12314.48
2019-11-26,12331.49,12392.07,12014.4,12073.71
2019-11-27,12109.78,12125.92,12017.98,12034.03
2019-11-28,12037.02,12066.2,11749.52,11778.07
2019-11-29,11828.01,11965.49,11455.86,11590.59
2019-12-02,11601.36,11810.07,11562.35,11770.5
2019-12-03,11792.56,11975.34,11709.65,11891.73
2019-12-04,11862.04,11960.12,11705.12,11802.71
2019-12-05,11879.39,11993.9,11501.94,11613.89
2019-12-06,11630.27,11795.47,11086.03,11245.77
2019-12-09,11269.85,11279.85,11173.28,11183.21
2019-12-10,11129.38,11552.56,11068.35,11489.55
2019-12-11,11461.23,11612.42,11398.55,11549.26
2019-12-12,11592.23,11658.45,11417.39,11482.98
2019-12-13,11492.87,11618.53,11421.17,11546.5
2019-12-16,11480.4,11610.03,11226.26,11354.47
2019-12-17,11389.89,11540.28,11172.43,11321.92
2019-12-18,11303.47,11358.31,11284.07,11338.86
2019-12-19,11386.97,11446.38,11273.52,11332.65
2019-12-20,11329.67,11547.66,11219.28,11436.24
2019-12-23,11443.26,11513.89,11413.75,11484.27
2019-12-24,11524.96,11600.66,11498.05,11573.64
2019-12-25,11542.52,11618.0,11415.78,11490.93
2019-12-26,11456.75,11621.98,11444.55,11609.62
2019-12-27,11602.77,11861.81,11565.91,11824.24
2019-12-30,11853.62,11928.33,11629.65,11703.41
2019-12-31,11656.78,11666.41,11584.74,11594.32
2020-01-01,11536.45,11882.43,11426.9,11770.65
2020-01-02,11799.78,11800.6,11749.78,11750.6
2020-01-03,11729.37,12021.53,11647.53,11938.24
2020-01-06,11924.2,11975.6,11833.79,11885.02
2020-01-07,11819.0,12274.32,11630.48,12081.61
2020-01-08,12057.02,12132.52,12028.55,12103.93
2020-01-09,12103.66,12220.73,12026.4,12143.22
2020-01-10,12177.16,12421.55,12115.51,12358.98
2020-01-13,12330.42,12376.23,12269.07,12314.82
2020-01-14,12376.2,12414.17,12155.46,12192.87
2020-01-15,12167.85,12254.24,12051.54,12137.71
2020-01-16,12112.86,12262.38,12054.05,12203.13
2020-01-17,12259.54,12305.55,11954.52,11999.55
2020-01-20,12007.17,12148.49,11947.9,12088.82
2020-01-21,12068.82,12186.65,11904.83,12022.2
2020-01-22,12016.61,12274.45,11923.25,12179.82
2020-01-23,12229.37,12292.16,11807.04,11867.98
2020-01-24,11920.3,12091.96,11600.94,11770.45
2020-01-27,11741.64,11831.39,11470.38,11558.73
2020-01-28,11557.25,11593.67,11422.63,11458.73
2020-01-29,11461.83,11523.66,11432.85,11494.59
2020-01-30,11460.63,11492.17,11445.02,11476.54
2020-01-31,11474.62,11751.87,11172.55,11449.18
2020-02-03,11449.36,11540.69,11342.51,11433.72
2020-02-04,11472.9,11478.03,11458.78,11463.91
2020-02-05,11505.51,11541.62,11306.38,11341.97
2020-02-06,11330.78,11459.94,11306.14,11435.08
2020-02-07,11427.74,11637.88,11314.15,11523.34
2020-02-10,11546.33,11609.64,11513.66,11576.88
2020-02-11,11556.58,11761.09,11449.02,11652.63
2020-02-12,11673.23,11728.8,11639.86,11695.37
2020-02-13,11692.28,11999.3,11658.67,11964.91
2020-02-14,11930.17,11974.66,11913.78,11958.24
2020-02-17,11923.96,11954.58,11892.07,11922.68
2020-02-18,11974.55,12210.79,11595.63,11829.0
2020-02-19,11823.45,12056.58,11469.41,11700.12
2020-02-20,11757.84,11798.02,11506.21,11545.66
2020-02-21,11527.88,11528.26,11437.53,11437.91
2020-02-24,11447.9,11526.6,11354.99,11433.59
2020-02-25,11515.95,11607.14,11389.39,11480.3
2020-02-26,11443.94,11573.6,11362.04,11491.36
2020-02-27,11426.12,11430.92,11394.76,11399.55
2020-02-28,11443.64,11545.03,11416.38,11517.6
2020-03-02,11489.07,11627.75,11477.75,11616.31
2020-03-03,11615.59,11626.3,11589.87,11600.56
2020-03-04,11580.19,11588.18,11514.21,11522.15
2020-03-05,11531.43,11615.7,11512.35,11596.51
2020-03-06,11563.49,11650.99,11537.8,11625.16
2020-03-09,11618.89,11695.9,11370.16,11446.03
2020-03-10,11461.48,11585.57,11318.17,11442.05
2020-03-11,11407.49,11585.81,11302.02,11479.67
2020-03-12,11455.58,11631.85,11196.2,11371.16
2020-03-13,11359.32,11486.41,11272.71,11399.49
2020-03-16,11350.73,11375.74,11198.28,11223.01
2020-03-17,11208.79,11444.4,11158.95,11393.74
2020-03-18,11397.8,11701.21,11254.42,11555.85
2020-03-19,11542.0,11723.3,11347.32,11528.4
2020-03-20,11519.02,11641.26,11457.3,11579.22
2020-03-23,11578.52,11595.66,11264.11,11280.8
2020-03-24,11258.63,11343.28,11058.9,11142.68
2020-03-25,11165.8,11262.78,11014.67,11111.17
2020-03-26,11159.14,11212.79,10932.48,10985.3
2020-03-27,10970.0,11093.86,10952.71,11076.39
2020-03-30,11092.53,11611.79,10813.6,11326.97
2020-03-31,11318.83,11348.82,11156.14,11185.78
2020-04-01,11198.05,11356.35,10930.91,11087.65
2020-04-02,11139.85,11258.04,11002.86,11120.85
2020-04-03,11137.83,11360.89,11101.76,11324.22
2020-04-06,11264.13,11362.18,11080.14,11177.44
2020-04-07,11192.67,11317.15,11088.29,11212.59
2020-04-08,11254.13,11594.94,11105.77,11444.06
2020-04-09,11436.46,11597.57,11084.13,11242.51
2020-04-10,11276.14,11295.98,11070.11,11089.63
2020-04-13,11066.69,11324.79,10784.96,11042.49
2020-04-14,10993.39,11026.33,10950.92,10983.83
2020-04-15,10988.48,11150.68,10925.24,11086.88
2020-04-16,11028.61,11144.04,11005.61,11120.84
2020-04-17,11112.84,11182.77,10841.53,10910.18
2020-04-20,10952.38,11058.71,10870.45,10976.6
2020-04-21,10913.89,11039.32,10786.05,10911.45
2020-04-22,10869.65,11076.88,10862.81,11069.92
2020-04-23,11035.7,11038.77,10995.11,10998.16
2020-04-24,10996.07,11029.79,10892.29,10925.78
2020-04-27,10913.8,11114.16,10795.93,10995.41
2020-04-28,11041.66,11175.5,10959.05,11092.51
2020-04-29,11124.31,11182.51,11093.66,11151.78
2020-04-30,11168.36,11175.04,10944.74,10951.29
2020-05-01,10956.08,11171.68,10805.99,11020.71
2020-05-04,11033.72,11161.79,10773.87,10900.39
2020-05-05,10872.24,10934.16,10871.1,10933.01
2020-05-06,10961.16,11152.27,10579.7,10767.43
2020-05-07,10731.57,10879.93,10676.86,10824.75
2020-05-08,10851.91,11016.71,10570.43,10733.42
2020-05-11,10771.69,11066.53,10297.49,10587.28
2020-05-12,10593.98,10743.87,10525.64,10675.01
2020-05-13,10669.37,10716.77,10660.34,10707.71
2020-05-14,10720.57,10828.24,10533.03,10639.89
2020-05-15,10548.94,10899.24,10467.18,10815.42
2020-05-18,10825.23,10858.59,10734.25,10767.43
2020-05-19,10763.77,10855.78,10683.62,10775.54
2020-05-20,10773.91,10854.36,10731.48,10811.79
2020-05-21,10834.73,10875.35,10702.36,10742.64
2020-05-22,10740.23,10805.18,10737.84,10802.78
2020-05-25,10765.89,10817.3,10692.56,10743.87
2020-05-26,10739.31,10740.67,10698.26,10699.61
2020-05-27,10701.78,10958.67,10610.05,10865.54
2020-05-28,10869.29,10913.47,10702.49,10746.17
2020-05-29,10751.4,10877.08,10346.52,10468.9
2020-06-01,10501.6,10845.79,10318.9,10660.33
2020-06-02,10625.66,11026.25,10569.12,10967.89
2020-06-03,10973.68,11028.57,10868.83,10923.48
2020-06-04,10965.83,10972.18,10691.29,10697.49
2020-06-05,10641.96,10671.59,10635.67,10665.28
2020-06-08,10671.03,10707.34,10599.82,10636.01
2020-06-09,10617.35,10619.69,10615.72,10618.06
2020-06-10,10606.25,10609.97,10489.33,10493.0
2020-06-11,10464.56,10580.59,10448.46,10564.34
2020-06-12,10558.97,10850.24,10339.91,10629.72
2020-06-15,10688.59,10865.51,10287.45,10460.59
2020-06-16,10420.99,10559.24,10407.48,10545.57
2020-06-17,10508.64,10845.85,10454.94,10790.71
2020-06-18,10748.65,10946.63,10618.3,10815.47
2020-06-19,10871.66,10916.72,10735.04,10779.72
2020-06-22,10764.78,10830.91,10701.09,10767.2
2020-06-23,10766.37,10984.92,10627.13,10844.66
2020-06-24,10831.56,10887.4,10589.54,10644.41
2020-06-25,10614.3,10739.11,10543.49,10667.94
2020-06-26,10660.42,10721.44,10565.65,10626.47
2020-06-29,10705.13,10892.23,10662.49,10849.02
2020-06-30,10894.42,10917.96,10809.18,10832.58
2020-07-01,10804.9,11162.27,10682.83,11037.57
2020-07-02,11059.04,11242.96,10727.32,10908.74
2020-07-03,10881.56,11111.0,10755.57,10983.83
2020-07-06,10925.45,11215.86,10738.23,11026.9
2020-07-07,11060.67,11166.52,10821.79,10926.36
2020-07-08,10964.45,11042.76,10873.86,10952.08
2020-07-09,10986.5,11261.33,10830.41,11103.57
2020-07-10,11087.93,11159.57,10997.01,11068.52
2020-07-13,11062.99,11259.13,10676.07,10868.77
2020-07-14,10893.25,10990.83,10773.63,10871.02
2020-07-15,10883.79,10998.77,10654.2,10767.95
2020-07-16,10755.24,10793.44,10693.65,10731.76
2020-07-17,10679.76,10744.12,10662.15,10726.43
2020-07-20,10730.09,10824.78,10438.33,10531.26
2020-07-21,10565.41,10708.23,10209.99,10349.89
2020-07-22,10312.77,10513.43,10209.39,10409.08
2020-07-23,10429.05,10433.02,10349.61,10353.55
2020-07-24,10363.85,10443.03,9992.63,10069.56
2020-07-27,10092.24,10241.62,10012.1,10160.93
2020-07-28,10187.55,10252.08,10131.01,10195.5
2020-07-29,10174.28,10240.31,10054.11,10119.8
2020-07-30,10070.83,10073.0,9976.1,9978.26
2020-07-31,9962.3,10102.94,9934.13,10074.45
2020-08-03,10101.36,10135.2,10083.47,10117.28
2020-08-04,10100.85,10576.36,9919.77,10390.1
2020-08-05,10368.49,10604.33,10207.72,10442.41
2020-08-06,10385.51,10512.91,10364.06,10491.24
2020-08-07,10546.55,10659.01,10364.47,10476.18
2020-08-10,10502.17,10711.37,10366.69,10574.96
2020-08-11,10599.41,10712.53,10539.37,10652.18
2020-08-12,10683.15,10854.49,10633.42,10804.19
2020-08-13,10822.9,10844.16,10725.59,10746.71
2020-08-14,10738.83,10889.65,10549.37,10699.64
2020-08-17,10694.38,10750.4,10591.88,10647.65
2020-08-18,10634.01,10807.98,10571.65,10744.98
2020-08-19,10830.24,10976.8,10781.79,10927.92
2020-08-20,10946.16,11030.0,10793.94,10877.25
2020-08-21,10862.12,10870.39,10822.63,10830.87
2020-08-24,10846.01,10958.76,10760.16,10872.71
2020-08-25,10839.78,10879.44,10808.06,10847.69
2020-08-26,10896.76,11174.09,10690.26,10966.28
2020-08-27,10944.55,10953.77,10693.25,10702.26
2020-08-28,10718.36,10830.37,10498.75,10609.62
2020-08-31,10643.61,10660.5,10506.21,10522.91
2020-09-01,10535.07,10660.39,10139.76,10261.83
2020-09-02,10264.74,10373.04,10050.51,10157.69
2020-09-03,10158.02,10251.09,9967.8,10059.97
2020-09-04,10058.27,10097.6,10002.5,10041.76
2020-09-07,10024.4,10253.37,9941.75,10169.52
2020-09-08,10155.81,10207.51,10094.56,10146.2
2020-09-09,10191.34,10238.24,9989.63,10035.82
2020-09-10,10032.55,10130.57,9935.53,10033.54
2020-09-11,10009.92,10202.44,9962.23,10154.07
2020-09-14,10138.35,10162.62,10025.61,10049.66
2020-09-15,10082.89,10138.64,9898.45,9953.48
2020-09-16,9973.68,10043.38,9949.25,10018.83
2020-09-17,10035.69,10074.67,9959.61,9998.45
2020-09-18,9990.73,10104.86,9960.06,10073.94
2020-09-21,10091.29,10111.36,10056.42,10076.46
2020-09-22,10057.03,10300.98,9916.07,10158.6
2020-09-23,10150.69,10166.04,10032.41,10047.61
2020-09-24,10076.88,10181.46,9945.99,10050.29
2020-09-25,10076.69,10126.29,9981.66,10031.04
2020-09-28,10001.53,10130.67,9773.88,9901.73
2020-09-29,9876.35,9972.14,9642.35,9736.78
2020-09-30,9739.96,9886.43,9668.51,9814.43
2020-10-01,9865.39,9939.6,9706.96,9780.53
2020-10-02,9724.49,9732.21,9667.35,9675.03
2020-10-05,9683.11,9735.49,9616.37,9668.67
2020-10-06,9628.84,9901.47,9522.48,9793.3
2020-10-07,9774.69,9801.19,9528.57,9554.49
2020-10-08,9544.05,9581.48,9365.36,9402.24
2020-10-09,9390.38,9562.45,9140.38,9311.0
2020-10-12,9296.1,9471.53,9290.32,9465.65
2020-10-13,9465.85,9501.07,9463.7,9498.91
2020-10-14,9483.67,9598.69,9468.41,9583.26
2020-10-15,9541.31,9718.15,9292.13,9467.61
2020-10-16,9489.78,9593.39,9253.33,9355.47
2020-10-19,9376.62,9470.41,9311.85,9405.43
2020-10-20,9429.25,9509.08,9335.51,9415.23
2020-10-21,9371.81,9518.8,9329.5,9476.02
2020-10-22,9484.52,9492.44,9452.36,9460.26
2020-10-23,9479.47,9557.82,9414.78,9493.05
2020-10-26,9463.72,9555.27,9422.04,9513.38
2020-10-27,9513.64,9629.1,9483.76,9598.96
2020-10-28,9595.61,9781.21,9503.71,9688.42
2020-10-29,9742.11,9844.71,9420.85,9521.12
2020-10-30,9576.25,9584.87,9284.0,9292.36
2020-11-02,9246.08,9542.1,9105.39,9399.08
2020-11-03,9469.67,9530.8,9465.39,9526.5
2020-11-04,9500.38,9523.89,9400.59,9423.91
2020-11-05,9451.68,9532.59,9157.7,9236.77
2020-11-06,9263.7,9291.21,9223.06,9250.53
2020-11-09,9222.94,9417.6,9155.75,9349.48
2020-11-10,9363.32,9555.72,9347.9,9540.01
2020-11-11,9536.93,9709.25,9426.56,9598.18
2020-11-12,9614.15,9733.88,9443.75,9562.84
2020-11-13,9569.46,9663.99,9379.56,9473.14
2020-11-16,9507.2,9607.26,9378.37,9478.12
2020-11-17,9480.26,9507.2,9423.89,9450.75
2020-11-18,9445.99,9570.32,9226.49,9349.55
2020-11-19,9380.35,9655.42,9293.13,9566.47
2020-11-20,9583.15,9818.81,9525.49,9760.09
2020-11-23,9781.54,9966.06,9703.1,9886.78
2020-11-24,9867.08,10017.42,9641.87,9791.05
2020-11-25,9760.4,9934.19,9714.33,9887.53
2020-11-26,9870.7,9995.14,9837.18,9961.32
2020-11-27,9942.79,10072.83,9884.32,10013.94
2020-11-30,10037.58,10179.55,10014.9,10156.6
2020-12-01,10186.39,10382.39,10036.59,10231.93
2020-12-02,10227.17,10383.23,10164.2,10319.69
2020-12-03,10364.08,10483.64,10277.11,10396.4
2020-12-04,10439.17,10473.67,10405.12,10439.62
2020-12-07,10447.24,10495.2,10193.88,10240.89
2020-12-08,10215.67,10278.27,10191.9,10254.41
2020-12-09,10302.99,10371.62,10128.03,10195.94
2020-12-10,10194.08,10208.54,10043.16,10057.43
2020-12-11,10061.24,10419.73,9893.96,10249.32
2020-12-14,10238.89,10577.67,10114.09,10450.3
2020-12-15,10422.44,10645.07,10389.93,10611.97
2020-12-16,10565.31,10648.43,10562.96,10646.06
2020-12-17,10666.29,10890.03,10587.05,10809.73
2020-12-18,10784.35,10923.03,10677.11,10815.49
2020-12-21,10915.21,10994.92,10764.79,10843.98
2020-12-22,10808.7,10816.07,10711.31,10718.61
2020-12-23,10678.25,10942.5,10507.05,10769.83
2020-12-24,10786.32,10892.93,10674.74,10781.3
2020-12-25,10830.87,11027.69,10438.95,10632.16
2020-12-28,10634.22,10641.72,10622.94,10630.43
2020-12-29,10648.69,10847.82,10426.66,10625.36
2020-12-30,10566.75,10899.97,10510.14,10841.88
2020-12-31,10819.87,11040.58,10733.78,10953.43
2021-01-01,10918.21,11023.17,10854.47,10959.19
2021-01-04,10897.07,11054.24,10836.98,10993.62
2021-01-05,10997.48,11028.02,10972.85,11003.37
2021-01-06,10929.58,11030.41,10882.64,10983.23
2021-01-07,10939.75,11002.29,10795.51,10857.57
2021-01-08,10840.09,10855.89,10828.09,10843.89
2021-01-11,10816.88,10855.85,10720.79,10759.56
2021-01-12,10772.36,10877.51,10513.2,10616.83
2021-01-13,10626.57,10712.24,10595.47,10680.98
2021-01-14,10709.66,10763.41,10677.65,10731.34
2021-01-15,10755.59,10772.44,10510.2,10526.7
2021-01-18,10562.78,10694.17,10385.89,10516.7
2021-01-19,10516.64,10729.36,10425.11,10636.78
2021-01-20,10646.47,11025.21,10389.87,10765.74
2021-01-21,10782.28,10935.05,10739.92,10892.27
2021-01-22,10896.9,10960.79,10837.43,10901.29
2021-01-25,10888.31,10902.51,10790.66,10804.75
2021-01-26,10793.98,10847.33,10628.19,10680.99
2021-01-27,10654.82,10832.19,10549.17,10725.84
2021-01-28,10739.42,10842.54,10672.09,10774.99
2021-01-29,10771.95,10989.47,10716.35,10933.03
2021-02-01,10911.3,11089.63,10892.5,11070.55
2021-02-02,11048.58,11225.44,10882.17,11058.88
2021-02-03,11018.8,11203.08,10730.41,10912.92
2021-02-04,10945.01,11083.59,10741.29,10879.03
2021-02-05,10881.6,10949.7,10841.43,10909.42
2021-02-08,10881.22,10926.92,10843.88,10889.55
2021-02-09,10916.0,10942.48,10798.62,10824.88
2021-02-10,10806.69,10906.64,10759.66,10859.38
2021-02-11,10813.65,10892.37,10725.02,10803.66
2021-02-12,10836.81,10985.62,10586.19,10733.57
2021-02-15,10716.29,10780.96,10710.09,10774.72
2021-02-16,10761.51,10814.91,10678.22,10731.47
2021-02-17,10732.8,10828.79,10668.83,10764.63
2021-02-18,10801.59,10842.35,10760.6,10801.35
2021-02-19,10802.0,10904.42,10569.9,10671.08
2021-02-22,10632.76,10664.88,10586.91,10618.99
2021-02-23,10636.33,10866.73,10563.26,10792.58
2021-02-24,10776.89,10781.61,10655.1,10659.76
2021-02-25,10720.31,10804.53,10336.76,10418.61
2021-02-26,10418.57,10442.22,10188.3,10211.48
2021-03-01,10143.24,10245.77,10116.51,10218.84
2021-03-02,10229.8,10292.52,10163.71,10226.41
2021-03-03,10286.24,10325.02,10178.74,10217.27
2021-03-04,10265.69,10380.18,10244.49,10358.79
2021-03-05,10415.85,10561.65,9921.83,10062.69
2021-03-08,10031.95,10257.6,9886.15,10110.65
2021-03-09,10138.36,10328.38,10100.47,10289.93
2021-03-10,10267.66,10341.33,10094.18,10167.13
2021-03-11,10173.97,10201.01,10101.87,10128.79
2021-03-12,10090.18,10159.53,9980.21,10049.27
2021-03-15,10029.86,10142.04,9843.54,9954.87
2021-03-16,9934.7,10058.1,9799.92,9923.18
2021-03-17,9949.97,10232.85,9803.35,10084.26
2021-03-18,10108.51,10326.12,10077.24,10294.27
2021-03-19,10302.82,10340.83,10222.55,10260.4
2021-03-22,10218.92,10568.02,10134.93,10481.87
2021-03-23,10472.08,10537.29,10425.04,10490.17
2021-03-24,10466.72,10810.87,10357.06,10698.78
2021-03-25,10726.73,10810.12,10608.96,10692.08
2021-03-26,10729.94,10803.28,10638.57,10711.79
2021-03-29,10745.79,10862.78,10642.38,10759.24
2021-03-30,10734.89,11185.87,10697.04,11146.58
2021-03-31,11055.34,11359.29,10953.84,11255.95
2021-04-01,11196.44,11238.44,11131.27,11173.18
2021-04-02,11220.94,11558.32,10961.82,11297.43
2021-04-05,11283.84,11295.83,11245.1,11257.06
2021-04-06,11231.73,11248.55,11184.29,11201.06
2021-04-07,11256.39,11400.24,11174.7,11318.09
2021-04-08,11361.13,11549.72,11138.48,11326.49
2021-04-09,11327.33,11482.01,11211.51,11365.8
2021-04-12,11355.8,11454.22,11273.8,11372.1
2021-04-13,11367.59,11544.66,11242.34,11418.85
2021-04-14,11426.63,11482.27,11421.33,11476.94
2021-04-15,11532.16,11635.06,11139.21,11239.49
2021-04-16,11253.74,11473.38,11108.04,11326.73
2021-04-19,11351.43,11422.66,11139.18,11209.52
2021-04-20,11248.91,11325.25,10962.59,11037.49
2021-04-21,10998.83,11195.18,10838.99,11034.82
2021-04-22,11059.84,11169.24,10940.13,11049.44
2021-04-23,11039.67,11040.21,10969.32,10969.85
2021-04-26,10887.36,11155.36,10808.38,11075.02
2021-04-27,11004.54,11040.96,10880.95,10917.08
2021-04-28,10883.78,11056.97,10699.65,10872.66
2021-04-29,10890.01,11093.85,10604.97,10807.26
2021-04-30,10810.95,10941.51,10675.54,10806.05
2021-05-03,10812.02,10929.82,10726.03,10843.58
2021-05-04,10907.23,11007.95,10629.25,10728.31
2021-05-05,10687.55,10818.74,10687.26,10818.46
2021-05-06,10817.56,10927.45,10720.51,10830.29
2021-05-07,10840.18,10880.17,10572.32,10611.47
2021-05-10,10588.05,10601.86,10375.9,10389.45
2021-05-11,10390.33,10492.35,10290.19,10392.2
2021-05-12,10342.43,10437.8,10275.93,10371.11
2021-05-13,10415.07,10417.93,10360.62,10363.47
2021-05-14,10342.3,10366.05,10340.67,10364.42
2021-05-17,10427.78,10452.81,10369.38,10394.33
2021-05-18,10393.31,10543.49,10357.66,10507.45
2021-05-19,10539.9,10546.66,10377.3,10383.96
2021-05-20,10382.3,10385.44,10251.95,10255.05
2021-05-21,10254.11,10348.71,10042.99,10136.51
2021-05-24,10118.77,10244.62,10047.37,10172.85
2021-05-25,10176.48,10405.89,10089.04,10317.24
2021-05-26,10327.09,10346.92,10252.79,10272.51
2021-05-27,10248.37,10275.0,9971.7,9997.68
2021-05-28,9993.93,10025.42,9785.02,9815.95
2021-05-31,9798.0,9980.72,9548.86,9730.31
2021-06-01,9797.67,9874.48,9598.82,9674.67
2021-06-02,9672.06,9729.68,9577.75,9635.15
2021-06-03,9679.92,9783.84,9539.58,9643.1
2021-06-04,9637.44,9678.0,9573.48,9613.93
2021-06-07,9621.42,9733.62,9617.28,9729.44
2021-06-08,9690.95,9854.16,9498.51,9661.22
2021-06-09,9648.27,9671.82,9550.48,9573.84
2021-06-10,9579.89,9733.22,9475.45,9628.26
2021-06-11,9674.18,9677.5,9467.52,9470.77
2021-06-14,9477.08,9550.04,9442.43,9515.26
2021-06-15,9554.84,9560.72,9523.94,9529.81
2021-06-16,9548.15,9619.39,9447.16,9518.17
2021-06-17,9564.76,9748.26,9507.06,9689.8
2021-06-18,9688.09,9771.98,9544.19,9627.56
2021-06-21,9696.84,9907.55,9642.35,9852.18
2021-06-22,9837.85,9846.48,9823.09,9831.71
2021-06-23,9809.13,9828.19,9679.6,9698.45
2021-06-24,9663.31,9770.49,9602.91,9709.8
2021-06-25,9777.93,9890.2,9489.14,9599.36
2021-06-28,9622.99,9705.62,9442.33,9524.12
2021-06-29,9514.58,9631.44,9453.12,9569.63
2021-06-30,9605.56,9753.89,9484.15,9632.15
2021-07-01,9652.04,9824.49,9399.28,9570.28
2021-07-02,9626.89,9704.61,9601.08,9678.66
2021-07-05,9633.82,9848.01,9593.15,9806.61
2021-07-06,9798.8,10084.31,9683.24,9966.76
2021-07-07,9952.94,10029.08,9952.84,10028.98
2021-07-08,9969.77,10230.24,9925.1,10184.6
2021-07-09,10217.05,10239.77,9957.85,9980.05
2021-07-12,9971.96,10066.35,9855.01,9949.19
2021-07-13,9971.29,10174.15,9658.13,9858.7
2021-07-14,9928.74,10011.48,9793.28,9875.58
2021-07-15,9865.12,9953.85,9729.32,9817.63
2021-07-16,9805.23,9880.97,9727.89,9803.62
2021-07-19,9807.11,10154.24,9668.49,10012.71
2021-07-20,10042.41,10134.53,9906.33,9998.04
2021-07-21,9981.05,10059.65,9969.15,10047.67
2021-07-22,10028.67,10031.89,10022.81,10026.04
2021-07-23,10057.89,10130.16,9966.27,10038.41
2021-07-26,10049.82,10128.53,9964.43,10043.09
2021-07-27,9981.67,10130.53,9948.3,10096.78
2021-07-28,10059.73,10254.54,10036.7,10231.12
2021-07-29,10277.31,10478.22,10222.25,10422.38
2021-07-30,10434.96,10479.43,10417.7,10462.13
2021-08-02,10438.23,10556.19,10416.65,10534.41
2021-08-03,10529.02,10530.0,10405.08,10406.05
2021-08-04,10406.46,10479.3,10327.36,10400.15
2021-08-05,10423.13,10664.8,10272.11,10512.49
2021-08-06,10469.74,10672.05,10415.79,10617.35
2021-08-09,10590.6,10721.61,10515.73,10646.35
2021-08-10,10655.07,10773.88,10636.33,10754.96
2021-08-11,10751.74,10884.89,10684.77,10817.51
2021-08-12,10836.08,11028.78,10773.72,10965.67
2021-08-13,10925.29,11021.61,10908.83,11005.03
2021-08-16,11016.82,11154.74,10829.15,10966.44
2021-08-17,11002.41,11043.22,10970.64,11011.43
2021-08-18,11027.52,11035.57,10658.6,10666.38
2021-08-19,10670.84,10763.82,10622.9,10715.69
2021-08-20,10712.61,10852.29,10163.99,10298.27
2021-08-23,10272.51,10315.89,10066.24,10108.92
2021-08-24,10106.74,10286.16,9984.61,10163.35
2021-08-25,10201.83,10244.65,10178.18,10220.96
2021-08-26,10217.31,10224.63,10087.91,10095.14
2021-08-27,10068.23,10151.21,9937.79,10020.38
2021-08-30,10005.59,10177.73,10004.54,10176.66
2021-08-31,10182.79,10183.96,10125.5,10126.67
2021-09-01,10115.33,10508.7,9993.63,10383.77
2021-09-02,10398.9,10448.28,10338.39,10387.71
2021-09-03,10404.02,10468.31,10374.42,10438.61
2021-09-06,10466.49,10668.86,10428.41,10630.18
2021-09-07,10675.68,10719.02,10606.54,10649.77
2021-09-08,10681.64,10736.28,10483.31,10537.21
2021-09-09,10507.72,10572.15,10464.36,10528.71
2021-09-10,10500.21,10545.67,10483.39,10528.8
2021-09-13,10526.4,10792.22,10114.04,10376.07
2021-09-14,10362.03,10406.23,10306.9,10351.05
2021-09-15,10315.76,10413.71,10173.47,10270.99
2021-09-16,10257.39,10533.74,10105.58,10380.11
2021-09-17,10365.35,10398.52,10355.07,10388.22
2021-09-20,10367.3,10511.93,10215.57,10360.1
2021-09-21,10350.29,10421.44,10281.01,10352.14
2021-09-22,10388.81,10389.0,10381.54,10381.73
2021-09-23,10387.94,10576.59,10268.74,10456.6
2021-09-24,10534.42,10685.27,10198.22,10346.37
2021-09-27,10351.67,10359.26,10225.1,10232.6
2021-09-28,10223.7,10366.09,10219.5,10361.84
2021-09-29,10361.97,10485.46,10196.1,10319.08
2021-09-30,10327.02,10387.14,10104.4,10163.56
2021-10-01,10176.84,10296.12,10098.43,10217.39
2021-10-04,10281.24,10339.81,10215.19,10273.71
2021-10-05,10247.69,10292.32,10062.2,10106.21
2021-10-06,10132.29,10191.48,10076.64,10135.81
2021-10-07,10142.13,10412.7,9953.16,10222.24
2021-10-08,10174.18,10273.34,10169.41,10268.53
2021-10-11,10292.3,10479.05,10158.24,10344.3
2021-10-12,10383.72,10531.41,10044.89,10189.82
2021-10-13,10163.65,10247.0,10147.84,10231.08
2021-10-14,10230.81,10312.3,10119.91,10201.16
2021-10-15,10148.5,10213.6,10086.1,10151.19
2021-10-18,10112.93,10423.44,9944.78,10252.97
2021-10-19,10285.25,10526.21,10185.74,10425.34
2021-10-20,10410.76,10732.55,10317.65,10637.41
2021-10-21,10602.09,11008.74,10393.86,10796.7
2021-10-22,10804.13,10873.19,10719.03,10787.99
2021-10-25,10771.09,10843.03,10762.37,10834.26
2021-10-26,10818.96,10971.95,10777.84,10930.4
2021-10-27,10954.67,11046.88,10857.2,10949.36
2021-10-28,10911.27,11168.34,10713.49,10969.51
2021-10-29,10939.75,11092.18,10921.58,11073.79
2021-11-01,11078.91,11285.17,10864.88,11070.99
2021-11-02,11103.24,11239.4,10852.2,10986.93
2021-11-03,11027.82,11196.75,10773.72,10941.33
2021-11-04,10919.52,11086.89,10855.53,11022.3
2021-11-05,11053.34,11118.41,10962.15,11027.07
2021-11-08,11001.16,11080.62,10993.43,11072.84
2021-11-09,11133.67,11165.15,11127.76,11159.22
2021-11-10,11121.33,11414.57,10824.61,11117.75
2021-11-11,11162.15,11321.42,11056.34,11215.11
2021-11-12,11193.04,11289.15,11170.49,11266.45
2021-11-15,11334.7,11396.19,11058.57,11118.9
2021-11-16,11138.64,11301.39,11138.49,11301.23
2021-11-17,11266.83,11277.76,11232.75,11243.65
2021-11-18,11226.05,11329.26,10943.66,11045.21
2021-11-19,11071.13,11081.5,10913.1,10923.34
2021-11-22,10957.89,11007.2,10757.03,10805.66
2021-11-23,10803.37,10847.37,10772.22,10816.19
2021-11-24,10817.64,10871.92,10733.84,10787.97
2021-11-25,10812.54,10946.95,10618.71,10752.37
2021-11-26,10756.63,10919.55,10667.94,10830.25
2021-11-29,10788.31,10881.99,10781.54,10875.17
2021-11-30,10848.68,11029.98,10736.81,10917.41
2021-12-01,10925.11,11029.05,10867.43,10971.12
2021-12-02,11011.2,11071.51,10989.92,11050.15
2021-12-03,11103.85,11128.51,10777.21,10801.19
2021-12-06,10826.48,10872.05,10716.98,10762.28
2021-12-07,10771.56,10860.26,10424.9,10511.45
2021-12-08,10535.09,10645.25,10409.83,10519.83
2021-12-09,10498.81,10676.41,10346.26,10523.5
2021-12-10,10518.67,10671.51,10496.92,10649.49
2021-12-13,10623.19,10933.44,10485.8,10793.84
2021-12-14,10753.48,10917.56,10658.8,10822.28
2021-12-15,10833.11,10870.66,10729.86,10767.18
2021-12-16,10773.17,10956.43,10646.52,10829.13
2021-12-17,10851.49,10887.75,10734.74,10770.73
2021-12-20,10788.39,10858.67,10704.69,10774.87
2021-12-21,10782.72,10949.43,10730.59,10896.75
2021-12-22,10914.96,10956.94,10792.76,10834.43
2021-12-23,10833.04,10986.97,10781.81,10935.25
2021-12-24,10948.8,11090.69,10880.01,11021.44
2021-12-27,10997.46,11073.21,10835.5,10910.66
2021-12-28,10922.77,11148.75,10807.76,11032.58
2021-12-29,11054.73,11208.67,10968.71,11122.13
2021-12-30,11099.81,11198.03,11041.05,11139.07
2021-12-31,11140.8,11231.55,10960.45,11050.47
2022-01-03,11029.81,11221.73,10760.35,10950.9
2022-01-04,10933.62,11063.88,10760.93,10890.68
2022-01-05,10853.99,10998.07,10816.54,10960.26
2022-01-06,11001.96,11099.82,10753.48,10849.99
2022-01-07,10884.73,10943.85,10847.65,10906.69
2022-01-10,10924.29,10928.99,10758.4,10763.03
2022-01-11,10826.9,10853.13,10717.17,10743.19
2022-01-12,10737.1,10795.23,10702.41,10760.46
2022-01-13,10858.78,11088.57,10828.99,11058.23
2022-01-14,11050.69,11135.08,10813.1,10896.31
2022-01-17,10904.66,11233.28,10752.42,11078.62
2022-01-18,11065.4,11154.24,11012.67,11101.33
2022-01-19,11113.74,11356.86,10913.75,11156.12
2022-01-20,11184.12,11245.74,11113.55,11175.12
2022-01-21,11171.3,11258.01,11147.84,11234.41
2022-01-24,11294.45,11382.18,11132.78,11219.92
2022-01-25,11227.98,11439.09,11194.79,11405.39
2022-01-26,11414.65,11488.6,11279.25,11352.8
2022-01-27,11321.88,11518.46,11303.39,11499.68
2022-01-28,11514.13,11600.14,11337.7,11423.03
2022-01-31,11418.43,11490.25,11348.22,11420.02
2022-02-01,11399.2,11478.31,11212.32,11290.67
2022-02-02,11264.4,11434.0,11182.9,11351.86
2022-02-03,11443.22,11645.49,11336.98,11538.37
2022-02-04,11529.26,11547.44,11515.0,11533.17
2022-02-07,11482.87,11841.21,11155.34,11512.83
2022-02-08,11488.74,11595.35,11271.5,11377.08
2022-02-09,11375.32,11407.84,11320.51,11352.96
2022-02-10,11371.6,11459.25,11074.22,11160.25
2022-02-11,11178.84,11188.38,11043.72,11053.16
2022-02-14,11075.62,11224.34,10936.6,11085.2
2022-02-15,11063.78,11420.98,10897.33,11251.71
2022-02-16,11263.21,11760.5,11116.68,11609.47
2022-02-17,11579.0,11659.01,11459.69,11539.42
2022-02-18,11517.99,11857.33,11390.72,11727.74
2022-02-21,11695.5,11814.37,11645.36,11763.94
2022-02-22,11722.07,11877.43,11594.01,11749.08
2022-02-23,11786.65,11964.43,11632.37,11809.84
2022-02-24,11834.27,11859.17,11797.74,11822.62
2022-02-25,11857.31,11911.9,11787.2,11841.72
2022-02-28,11843.12,11937.27,11699.61,11793.37
2022-03-01,11820.88,11872.6,11567.2,11618.03
2022-03-02,11556.8,11610.86,11373.53,11426.99
2022-03-03,11456.62,11613.77,11357.34,11514.0
2022-03-04,11520.12,11530.76,11472.99,11483.6
2022-03-07,11505.23,11657.82,11261.75,11413.11
2022-03-08,11426.13,11627.57,11217.44,11418.75
2022-03-09,11384.99,11598.75,11310.78,11523.64
2022-03-10,11471.97,11627.7,11395.94,11551.15
2022-03-11,11526.5,11615.0,11384.59,11472.68
2022-03-14,11492.14,11746.6,11380.05,11633.14
2022-03-15,11657.24,11906.25,11593.71,11841.72
2022-03-16,11793.22,11972.95,11731.96,11911.08
2022-03-17,11876.07,12114.22,11806.97,12044.15
2022-03-18,12018.05,12413.12,11822.83,12214.7
2022-03-21,12201.62,12385.87,12188.38,12372.44
2022-03-22,12321.99,12512.92,12270.93,12461.29
2022-03-23,12408.24,12597.19,12360.18,12548.59
2022-03-24,12517.69,12845.05,12300.1,12625.58
2022-03-25,12628.85,12798.42,12311.52,12479.09
2022-03-28,12434.97,12623.06,12393.07,12580.68
2022-03-29,12576.31,12686.4,12290.85,12399.4
2022-03-30,12438.84,12538.26,12198.13,12296.41
2022-03-31,12248.48,12511.77,12216.32,12478.99
2022-04-01,12471.27,12641.96,12429.64,12599.9
2022-04-04,12638.7,12919.41,12533.61,12812.88
2022-04-05,12796.81,12883.02,12693.65,12779.75
2022-04-06,12757.78,12861.88,12520.84,12623.84
2022-04-07,12667.98,12865.39,12399.26,12595.54
2022-04-08,12583.97,12668.05,12530.78,12614.73
2022-04-11,12656.59,12756.55,12530.99,12630.74
2022-04-12,12647.01,12832.52,12609.29,12794.36
2022-04-13,12781.21,13054.23,12476.38,12748.71
2022-04-14,12767.07,12814.84,12755.56,12803.3
2022-04-15,12815.61,12980.47,12506.9,12669.88
2022-04-18,12708.75,12820.88,12625.95,12737.89
2022-04-19,12716.96,12748.14,12712.25,12743.43
2022-04-20,12745.0,12814.49,12574.87,12643.81
2022-04-21,12641.47,12685.67,12571.98,12616.1
2022-04-22,12642.77,12728.04,12510.65,12595.6
2022-04-25,12556.92,12652.75,12467.47,12563.25
2022-04-26,12601.64,12927.02,12492.04,12815.57
2022-04-27,12833.51,12968.07,12672.53,12806.82
2022-04-28,12756.32,12947.64,12586.57,12777.61
2022-04-29,12824.01,13027.59,12292.89,12491.18
2022-05-02,12575.18,12590.08,12359.21,12373.86
2022-05-03,12411.11,12445.1,12309.24,12343.04
2022-05-04,12396.0,12543.37,12109.48,12255.18
2022-05-05,12258.31,12525.95,12181.39,12447.84
2022-05-06,12385.95,12537.71,12278.86,12430.25
2022-05-09,12361.67,12727.44,12249.23,12612.72
2022-05-10,12622.37,12680.99,12567.73,12626.33
2022-05-11,12603.93,12656.27,12584.27,12636.56
2022-05-12,12601.93,12632.21,12599.0,12629.27
2022-05-13,12626.89,12754.1,12507.72,12634.85
2022-05-16,12658.21,12967.2,12573.65,12881.16
2022-05-17,12825.14,12975.23,12414.66,12561.67
2022-05-18,12544.76,12757.99,12084.09,12293.04
2022-05-19,12348.85,12376.38,12197.43,12224.69
2022-05-20,12185.32,12306.31,12110.83,12231.54
2022-05-23,12263.5,12495.31,12098.75,12329.68
2022-05-24,12311.76,12470.42,12240.81,12398.96
2022-05-25,12419.28,12511.14,12260.25,12351.61
2022-05-26,12392.34,12498.23,12389.97,12495.84
2022-05-27,12523.66,12824.42,12344.26,12643.31
2022-05-30,12677.84,12903.49,12448.42,12674.0
2022-05-31,12630.29,12905.87,12539.78,12814.04
2022-06-01,12856.93,12917.25,12797.35,12857.67
2022-06-02,12824.83,12887.89,12720.76,12783.62
2022-06-03,12793.58,12931.24,12749.94,12887.28
2022-06-06,12897.27,12953.45,12851.98,12908.13
2022-06-07,12926.93,12961.48,12878.97,12913.48
2022-06-08,12926.54,13324.65,12734.58,13129.67
2022-06-09,13096.47,13223.53,12661.5,12785.54
2022-06-10,12733.87,12852.67,12475.26,12592.74
2022-06-13,12625.74,12714.15,12347.28,12434.35
2022-06-14,12441.28,12538.98,12292.42,12389.72
2022-06-15,12432.51,12466.97,12325.75,12360.01
2022-06-16,12358.35,12481.4,12040.54,12161.62
2022-06-17,12110.47,12130.51,12015.44,12035.36
2022-06-20,12070.29,12091.58,11905.66,11926.7
2022-06-21,11913.45,12271.48,11900.74,12258.4
2022-06-22,12270.98,12730.94,12053.04,12508.77
2022-06-23,12484.5,12493.33,12448.42,12457.23
2022-06-24,12518.83,12592.45,12339.48,12412.47
2022-06-27,12379.87,12509.13,12133.43,12261.45
2022-06-28,12249.05,12403.62,11860.0,12011.58
2022-06-29,12015.45,12068.76,11947.7,12000.94
2022-06-30,11961.69,11964.83,11871.57,11874.69
2022-07-01,11886.47,11945.55,11809.37,11868.35
2022-07-04,11925.89,11956.97,11635.53,11665.94
2022-07-05,11648.79,11750.42,11472.22,11573.19
2022-07-06,11586.92,11681.16,11502.6,11596.77
2022-07-07,11501.51,11648.73,11501.02,11648.24
2022-07-08,11646.88,11795.96,11557.91,11706.53
2022-07-11,11695.54,11894.8,11345.69,11542.34
2022-07-12,11514.03,11661.93,11508.19,11656.02
2022-07-13,11693.9,11738.08,11514.83,11558.5
2022-07-14,11547.19,11657.61,11533.59,11643.9
2022-07-15,11637.7,11698.61,11586.33,11647.19
2022-07-18,11634.02,11648.11,11462.87,11476.77
2022-07-19,11410.96,11635.18,11217.8,11441.5
2022-07-20,11402.71,11524.93,11370.2,11492.17
2022-07-21,11525.35,11604.26,11495.77,11574.55
2022-07-22,11501.51,11764.18,11299.62,11561.23
2022-07-25,11534.69,11819.32,11478.86,11762.39
2022-07-26,11748.29,12088.24,11560.68,11898.23
2022-07-27,11960.63,11961.19,11868.88,11869.43
2022-07-28,11896.83,12160.3,11710.28,11972.57
2022-07-29,11952.57,12315.64,11873.66,12234.86
2022-08-01,12282.84,12540.38,12249.64,12506.58
2022-08-02,12478.83,12486.03,12336.58,12343.71
2022-08-03,12381.14,12449.13,12156.31,12223.44
2022-08-04,12173.71,12438.0,12165.59,12429.71
2022-08-05,12469.79,12568.26,12193.71,12290.76
2022-08-08,12275.8,12277.21,12116.7,12118.1
2022-08-09,12080.77,12114.43,12024.69,12058.29
2022-08-10,12050.43,12145.75,12023.84,12119.0
2022-08-11,12129.09,12235.02,12004.43,12110.2
2022-08-12,12092.24,12222.61,11898.97,12028.66
2022-08-15,12048.66,12119.4,11874.43,11944.56
2022-08-16,11923.68,11993.84,11786.31,11856.07
2022-08-17,11878.15,11917.81,11707.4,11746.62
2022-08-18,11762.21,12211.96,11604.1,12049.98
2022-08-19,12047.78,12216.29,11926.28,12094.32
2022-08-22,12078.32,12352.35,11945.26,12217.75
2022-08-23,12223.31,12251.72,12128.81,12157.06
2022-08-24,12177.15,12276.87,12037.68,12137.08
2022-08-25,12212.38,12241.13,12018.64,12047.0
2022-08-26,12081.0,12251.57,11540.1,11705.36
2022-08-29,11739.68,11886.65,11389.49,11533.88
2022-08-30,11641.24,11807.09,11149.82,11310.96
2022-08-31,11328.48,11411.08,10958.4,11038.89
2022-09-01,11054.95,11082.9,10871.49,10899.05
2022-09-02,10922.09,11123.92,10862.43,11063.48
2022-09-05,11030.05,11105.09,10987.59,11062.5
2022-09-06,11047.78,11341.29,10933.48,11225.16
2022-09-07,11208.12,11455.55,11034.23,11280.53
2022-09-08,11302.47,11501.64,11184.27,11382.61
2022-09-09,11376.66,11407.9,11243.91,11274.87
2022-09-12,11279.55,11417.6,11206.94,11344.58
2022-09-13,11381.65,11573.69,11249.1,11440.46
2022-09-14,11470.12,11470.62,11372.17,11372.67
2022-09-15,11367.15,11471.26,11343.51,11447.46
2022-09-16,11424.47,11640.79,11308.28,11523.58
2022-09-19,11562.9,11724.2,11298.86,11458.72
2022-09-20,11485.35,11488.46,11319.53,11322.59
2022-09-21,11268.16,11375.78,11073.76,11180.54
2022-09-22,11170.04,11245.46,11120.35,11195.66
2022-09-23,11201.22,11317.38,11124.61,11240.5
2022-09-26,11266.79,11394.41,11021.12,11147.39
2022-09-27,11177.87,11230.5,11102.59,11155.11
2022-09-28,11164.62,11321.46,11073.52,11229.83
2022-09-29,11249.57,11446.44,11114.84,11310.98
2022-09-30,11313.16,11676.77,11149.56,11510.33
2022-10-03,11487.08,11740.75,11425.18,11677.82
2022-10-04,11668.67,11767.1,11457.07,11554.53
2022-10-05,11555.19,11802.02,11528.88,11775.21
2022-10-06,11773.99,11899.44,11586.54,11711.32
2022-10-07,11645.26,11949.79,11548.63,11851.44
2022-10-10,11837.32,11990.3,11712.37,11865.05
2022-10-11,11867.06,11885.68,11797.56,11816.11
2022-10-12,11806.14,11810.31,11584.01,11588.11
2022-10-13,11579.53,11652.44,11498.03,11570.88
2022-10-14,11587.84,11651.74,11315.9,11378.65
2022-10-17,11341.88,11574.28,11273.55,11504.97
2022-10-18,11448.91,11713.4,11438.95,11703.22
2022-10-19,11691.0,11794.54,11502.93,11605.72
2022-10-20,11632.35,11883.48,11398.2,11648.99
2022-10-21,11708.11,11863.43,11407.67,11561.03
2022-10-24,11588.19,11620.35,11454.1,11485.98
2022-10-25,11435.49,11699.69,11326.15,11588.88
2022-10-26,11580.81,11692.5,11476.98,11588.61
2022-10-27,11597.53,11914.83,11501.74,11817.23
2022-10-28,11823.53,11893.72,11689.6,11759.41
2022-10-31,11778.45,11955.83,11717.37,11894.15
2022-11-01,11861.47,11919.65,11853.52,11911.66
2022-11-02,11913.99,12055.39,11880.1,12021.2
2022-11-03,12036.37,12087.6,11916.06,11967.0
2022-11-04,11996.68,11997.29,11964.66,11965.26
2022-11-07,11936.38,12094.76,11796.69,11954.85
2022-11-08,11942.48,12018.97,11774.26,11850.15
2022-11-09,11754.42,11947.11,11748.94,11941.55
2022-11-10,11919.3,12155.09,11797.45,12032.08
2022-11-11,12013.16,12191.2,11938.35,12115.74
2022-11-14,12078.74,12501.06,11908.43,12327.25
2022-11-15,12333.37,12534.12,12329.68,12530.36
2022-11-16,12528.26,12671.14,12341.41,12483.78
2022-11-17,12399.46,12557.89,12381.9,12540.13
2022-11-18,12548.24,12570.29,12437.5,12459.39
2022-11-21,12424.74,12563.07,12329.58,12467.58
2022-11-22,12485.75,12678.89,12198.89,12390.55
2022-11-23,12342.99,12732.71,12231.16,12618.38
2022-11-24,12619.52,12754.94,12538.96,12674.04
2022-11-25,12663.27,12726.8,12585.29,12648.74
2022-11-28,12660.24,13030.44,12453.46,12821.03
2022-11-29,12825.83,12969.69,12383.07,12523.54
2022-11-30,12513.96,12582.7,12186.72,12254.03
2022-12-01,12197.69,12464.59,12101.16,12366.72
2022-12-02,12312.04,12440.71,12251.57,12379.9
2022-12-05,12358.24,12436.63,12340.71,12419.02
2022-12-06,12418.71,12534.9,12129.49,12244.04
2022-12-07,12221.72,12260.9,12206.65,12245.81
2022-12-08,12268.8,12631.17,12163.5,12523.69
2022-12-09,12513.2,12696.89,12459.67,12642.8
2022-12-12,12606.26,12761.46,12516.76,12671.5
2022-12-13,12660.93,12825.47,12451.54,12615.49
2022-12-14,12624.04,12665.34,12524.77,12565.88
2022-12-15,12578.13,12680.47,12179.99,12279.9
2022-12-16,12349.3,12381.59,12287.47,12319.68
2022-12-19,12294.98,12492.12,12243.24,12439.77
2022-12-20,12437.02,12488.87,12179.93,12230.91
2022-12-21,12246.56,12288.21,12105.79,12147.11
2022-12-22,12146.25,12175.02,11969.8,11998.23
2022-12-23,11980.22,12092.1,11765.34,11876.24
2022-12-26,11821.17,11980.22,11729.46,11887.99
2022-12-27,11869.78,11936.15,11558.17,11623.16
2022-12-28,11585.78,11797.99,11495.38,11706.65
2022-12-29,11646.17,11911.28,11545.15,11808.85
2022-12-30,11780.7,11850.51,11711.17,11780.99
2023-01-02,11744.04,11799.1,11414.68,11468.44
2023-01-03,11488.55,11490.22,11346.32,11347.97
2023-01-04,11368.45,11651.01,11226.7,11507.52
2023-01-05,11476.36,11557.91,11086.31,11165.66
2023-01-06,11156.94,11235.08,11049.57,11127.5
2023-01-09,11065.64,11251.52,10803.82,10988.4
2023-01-10,10972.11,11159.21,10904.15,11090.51
2023-01-11,11103.8,11200.13,10917.32,11012.86
2023-01-12,11040.15,11136.66,10969.99,11066.33
2023-01-13,11042.69,11164.78,11017.95,11139.84
2023-01-16,11175.04,11607.3,10943.5,11371.68
2023-01-17,11320.09,11371.58,11299.43,11350.86
2023-01-18,11308.46,11457.11,11254.26,11402.47
2023-01-19,11426.77,11505.58,11144.81,11222.21
2023-01-20,11278.61,11409.95,11243.63,11374.67
2023-01-23,11391.52,11451.74,11224.77,11284.42
2023-01-24,11283.06,11341.64,11161.27,11219.52
2023-01-25,11145.88,11292.68,11074.94,11221.26
2023-01-26,11153.39,11228.82,10959.78,11034.41
2023-01-27,11038.7,11114.65,10990.8,11066.64
2023-01-30,11054.76,11408.64,10838.27,11189.52
2023-01-31,11152.46,11337.91,11045.42,11230.12
2023-02-01,11232.33,11305.72,10967.83,11039.96
2023-02-02,11043.78,11050.98,11022.15,11029.35
2023-02-03,11060.64,11216.74,10968.62,11124.19
2023-02-06,11128.75,11179.03,10851.85,10901.11
2023-02-07,10941.35,11059.33,10661.09,10777.3
2023-02-08,10777.56,10902.46,10761.33,10886.07
2023-02-09,10882.3,10963.75,10841.53,10922.83
2023-02-10,10957.76,11015.7,10918.96,10976.83
2023-02-13,10944.65,11209.37,10943.46,11208.15
2023-02-14,11303.18,11456.47,11117.73,11270.57
2023-02-15,11283.27,11418.93,11221.71,11356.97
2023-02-16,11369.95,11747.35,11329.2,11705.4
2023-02-17,11723.85,11765.46,11641.11,11682.57
2023-02-20,11748.55,11756.3,11577.48,11585.12
2023-02-21,11612.7,11790.5,11467.02,11644.42
2023-02-22,11588.49,11789.12,11505.67,11705.47
2023-02-23,11754.86,11857.01,11541.33,11642.5
2023-02-24,11630.6,11700.03,11446.89,11515.64
2023-02-27,11519.34,11883.29,11454.43,11816.7
2023-02-28,11771.44,11948.17,11687.94,11864.01
2023-03-01,11882.75,11971.52,11685.59,11773.54
2023-03-02,11750.55,11914.31,11733.97,11897.51
2023-03-03,11901.09,12048.75,11740.49,11887.99
2023-03-06,11877.87,11925.45,11812.21,11859.71
2023-03-07,11928.4,11960.86,11905.63,11938.07
2023-03-08,12009.27,12033.33,11750.74,11774.33
2023-03-09,11775.97,11828.71,11772.09,11824.82
2023-03-10,11827.09,12157.56,11752.25,12081.11
2023-03-13,12067.58,12213.3,12002.79,12148.08
2023-03-14,12188.45,12193.11,12098.12,12102.75
2023-03-15,12090.81,12108.52,12022.6,12040.24
2023-03-16,12025.03,12062.82,11953.13,11990.81
2023-03-17,12026.07,12148.25,11840.61,11962.14
2023-03-20,11942.84,12036.83,11823.52,11917.3
2023-03-21,11915.95,12277.05,11684.22,12042.84
2023-03-22,11985.85,12045.42,11761.4,11820.15
2023-03-23,11845.14,12064.87,11718.79,11937.53
2023-03-24,12007.24,12021.25,11878.66,11892.53
2023-03-27,11918.29,11985.73,11879.38,11946.73
2023-03-28,11999.23,12062.84,11741.69,11804.26
2023-03-29,11774.33,12109.8,11649.58,11982.84
2023-03-30,11991.33,12159.98,11984.46,12153.01
2023-03-31,12118.68,12467.49,11940.55,12286.89
2023-04-03,12278.5,12463.73,11906.32,12088.69
2023-04-04,12116.73,12310.37,12011.45,12204.33
2023-04-05,12208.06,12300.13,12171.8,12263.71
2023-04-06,12211.84,12319.86,11947.26,12053.88
2023-04-07,12006.42,12131.71,11930.49,12055.48
2023-04-10,12005.63,12125.59,11988.93,12108.76
2023-04-11,12126.62,12248.04,12066.81,12187.92
2023-04-12,12263.62,12331.92,12148.56,12216.6
2023-04-13,12266.63,12285.3,12242.04,12260.7
2023-04-14,12191.16,12484.06,12173.55,12466.05
2023-04-17,12519.31,12667.76,12492.17,12640.36
2023-04-18,12675.92,12731.0,12199.6,12252.84
2023-04-19,12196.17,12277.27,12134.0,12215.01
2023-04-20,12203.91,12348.17,12053.6,12197.79
2023-04-21,12237.94,12412.92,11798.59,11969.74
2023-04-24,11989.52,12252.15,11724.36,11986.94
2023-04-25,11939.95,12205.46,11892.94,12157.59
2023-04-26,12179.89,12321.8,11877.93,12017.95
2023-04-27,11941.13,12149.44,11859.89,12067.33
2023-04-28,12059.27,12113.3,11897.61,11951.16
2023-05-01,11992.02,12133.55,11727.83,11867.9
2023-05-02,11868.55,12195.96,11741.87,12067.17
2023-05-03,12049.12,12062.3,11987.03,12000.16
2023-05-04,12032.22,12086.96,12011.48,12066.16
2023-05-05,12101.49,12193.56,11735.09,11825.06
2023-05-08,11871.63,12111.14,11835.73,12074.63
2023-05-09,12106.34,12327.14,11939.74,12159.8
2023-05-10,12199.32,12266.0,12073.91,12140.27
2023-05-11,12166.99,12343.24,12046.56,12222.26
2023-05-12,12232.0,12240.89,12030.25,12039.0
2023-05-15,12042.23,12245.01,11999.29,12201.5
2023-05-16,12192.82,12243.73,12112.17,12162.96
2023-05-17,12118.8,12230.9,12028.6,12140.54
2023-05-18,12105.8,12215.14,11970.78,12079.89
2023-05-19,12069.68,12110.83,11966.84,12007.78
2023-05-22,12016.48,12156.97,11964.63,12104.73
2023-05-23,12157.17,12317.87,11983.19,12143.71
2023-05-24,12142.19,12349.56,12029.48,12235.98
2023-05-25,12272.87,12332.49,12180.23,12239.69
2023-05-26,12279.39,12331.02,12262.32,12313.91
2023-05-29,12305.36,12366.47,12201.31,12262.21
2023-05-30,12284.1,12658.35,12199.44,12571.71
2023-05-31,12562.53,12583.24,12341.3,12361.68
2023-06-01,12410.81,12648.87,12302.41,12539.35
2023-06-02,12563.29,12741.92,12556.02,12734.55
2023-06-05,12689.15,12708.17,12601.87,12620.79
2023-06-06,12626.9,13045.7,12523.04,12939.27
2023-06-07,13003.41,13132.25,12958.42,13086.98
2023-06-08,13079.86,13286.52,13026.78,13232.82
2023-06-09,13250.61,13287.95,13204.87,13242.2
2023-06-12,13263.9,13285.87,13193.99,13215.88
2023-06-13,13174.84,13273.88,13091.8,13190.74
2023-06-14,13210.97,13286.52,13177.39,13252.83
2023-06-15,13197.53,13503.53,13158.84,13464.06
2023-06-16,13438.82,13697.04,13238.98,13496.34
2023-06-19,13539.97,13699.89,13209.17,13367.05
2023-06-20,13381.37,13569.37,13306.84,13494.22
2023-06-21,13481.9,13682.52,13437.0,13637.1
2023-06-22,13655.38,13751.79,13644.81,13741.16
2023-06-23,13738.68,14013.66,13586.21,13859.85
2023-06-26,13860.37,13886.74,13797.83,13824.13
2023-06-27,13851.4,13863.76,13676.84,13689.06
2023-06-28,13659.22,13686.8,13536.98,13564.37
2023-06-29,13566.01,13622.07,13272.79,13327.86
2023-06-30,13315.38,13476.37,13207.42,13367.99
2023-07-03,13304.55,13442.45,13223.51,13361.07
2023-07-04,13324.22,13404.32,13221.92,13301.88
2023-07-05,13364.61,13535.24,12717.05,12881.52
2023-07-06,12896.39,12983.89,12624.83,12711.07
2023-07-07,12660.69,12918.17,12617.16,12873.9
2023-07-10,12814.55,12826.64,12773.18,12785.24
2023-07-11,12780.94,12852.79,12769.38,12841.19
2023-07-12,12901.47,12905.06,12647.79,12651.3
2023-07-13,12644.22,12911.74,12591.62,12858.25
2023-07-14,12908.77,13196.74,12556.53,12843.04
2023-07-17,12856.6,12910.75,12835.13,12889.23
2023-07-18,12907.47,13305.66,12832.2,13228.53
2023-07-19,13175.63,13656.13,12980.09,13456.42
2023-07-20,13494.32,13551.91,13359.24,13416.49
2023-07-21,13403.01,13547.95,13190.36,13334.56
2023-07-24,13369.13,13416.46,13245.15,13292.21
2023-07-25,13259.78,13888.81,12747.63,13372.32
2023-07-26,13379.42,13458.78,13282.94,13362.19
2023-07-27,13376.31,13602.1,13084.88,13309.55
2023-07-28,13303.4,13769.17,13069.74,13531.5
2023-07-31,13547.94,13729.08,13339.15,13519.92
2023-08-01,13509.12,14210.2,13179.59,13871.83
2023-08-02,13844.84,14005.9,13730.56,13891.23
2023-08-03,13958.3,14173.48,13957.24,14172.4
2023-08-04,14217.07,14528.26,13923.06,14233.91
2023-08-07,14201.45,14447.74,14145.7,14391.24
2023-08-08,14415.8,14561.8,14138.05,14282.7
2023-08-09,14250.91,14296.55,14109.53,14154.85
2023-08-10,14104.63,14305.55,14032.05,14232.3
2023-08-11,14276.51,14445.81,14224.79,14393.67
2023-08-14,14320.27,14641.77,14085.7,14405.8
2023-08-15,14445.92,14533.87,14122.56,14209.08
2023-08-16,14198.31,14416.93,13788.02,14003.65
2023-08-17,13994.77,14133.88,13653.96,13791.05
2023-08-18,13808.01,14049.56,13294.2,13530.9
2023-08-21,13554.51,13735.21,13371.95,13552.62
2023-08-22,13519.07,13829.06,13418.42,13726.87
2023-08-23,13756.46,13949.3,13537.86,13730.34
2023-08-24,13735.01,13740.35,13393.3,13398.51
2023-08-25,13348.12,13422.08,13301.9,13375.77
2023-08-28,13368.96,13537.22,13189.07,13357.18
2023-08-29,13412.65,13767.7,13320.92,13674.19
2023-08-30,13743.14,13815.84,13390.93,13462.14
2023-08-31,13491.15,13556.23,13345.09,13409.78
2023-09-01,13361.98,13690.0,13341.69,13669.25
2023-09-04,13689.38,13978.37,13454.49,13742.57
2023-09-05,13777.69,13873.97,13737.41,13833.52
2023-09-06,13863.67,13864.57,13855.61,13856.51
2023-09-07,13889.18,13933.12,13868.55,13912.46
2023-09-08,13927.63,14084.39,13881.19,14037.58
2023-09-11,14034.53,14064.7,13888.79,13918.71
2023-09-12,13893.33,14092.12,13861.01,14059.42
2023-09-13,13979.6,14014.8,13819.32,13854.22
2023-09-14,13868.34,14032.57,13746.05,13909.91
2023-09-15,13917.68,13954.58,13905.98,13942.86
2023-09-18,13966.21,14005.24,13815.48,13854.2
2023-09-19,13798.72,13878.99,13776.11,13856.29
2023-09-20,13883.12,13962.14,13688.87,13767.23
2023-09-21,13852.35,13916.09,13548.7,13611.33
2023-09-22,13614.53,13681.05,13497.64,13563.91
2023-09-25,13561.4,13607.48,13360.0,13405.55
2023-09-26,13417.98,13461.96,13414.65,13458.62
2023-09-27,13540.92,13577.14,13259.18,13294.74
2023-09-28,13253.98,13443.34,13215.7,13404.63
2023-09-29,13412.81,13472.78,13177.65,13236.84
2023-10-02,13205.13,13396.38,12969.31,13159.91
2023-10-03,13138.33,13182.6,13030.97,13075.03
2023-10-04,13073.08,13299.37,13046.44,13272.32
2023-10-05,13326.08,13425.72,13226.32,13325.96
2023-10-06,13398.15,13460.81,13238.07,13300.28
2023-10-09,13318.17,13601.94,13096.03,13378.79
2023-10-10,13363.69,13408.34,13033.78,13077.48
2023-10-11,13175.64,13277.11,12975.8,13076.51
2023-10-12,13059.74,13489.29,12945.54,13372.36
2023-10-13,13349.47,13601.62,13145.77,13397.2
2023-10-16,13326.05,13593.47,13146.32,13412.58
2023-10-17,13468.87,13661.96,13306.36,13499.09
2023-10-18,13538.36,13710.29,13466.78,13638.19
2023-10-19,13737.47,13845.8,13241.88,13347.13
2023-10-20,13291.61,13503.47,12898.73,13107.65
2023-10-23,13165.12,13205.86,13102.58,13143.26
2023-10-24,13146.03,13177.15,13014.65,13045.53
2023-10-25,13077.12,13407.93,12911.72,13240.47
2023-10-26,13175.18,13276.46,13098.78,13199.92
2023-10-27,13258.19,13514.99,12676.77,12927.17
2023-10-30,12957.71,12986.07,12725.3,12753.21
2023-10-31,12751.72,12796.27,12334.95,12378.2
2023-11-01,12402.18,12468.95,12284.8,12351.3
2023-11-02,12322.97,12531.08,12122.67,12330.66
2023-11-03,12309.25,12339.42,12248.03,12278.13
2023-11-06,12261.07,12554.88,12137.58,12429.68
2023-11-07,12360.79,12666.07,12295.65,12599.68
2023-11-08,12632.29,12634.55,12578.87,12581.12
2023-11-09,12626.17,12736.72,12186.41,12294.05
2023-11-10,12268.21,12407.49,12243.72,12382.76
2023-11-13,12395.71,12574.71,12285.23,12463.62
2023-11-14,12453.7,12558.54,12406.5,12511.12
2023-11-15,12523.45,12670.55,12505.07,12651.98
2023-11-16,12628.19,12716.75,12408.27,12495.9
2023-11-17,12462.83,12877.73,12367.72,12780.2
2023-11-20,12820.6,13173.95,12302.42,12651.09
2023-11-21,12648.67,12803.88,12606.05,12760.89
2023-11-22,12838.54,13128.93,12247.79,12531.23
2023-11-23,12532.97,12699.33,12243.91,12408.62
2023-11-24,12374.19,12649.19,12347.91,12622.38
2023-11-27,12668.92,12669.81,12590.36,12591.24
2023-11-28,12615.09,12764.95,12563.74,12713.2
2023-11-29,12740.95,12867.77,12624.75,12751.48
2023-11-30,12797.1,12850.31,12688.88,12741.86
2023-12-01,12716.93,12956.97,12699.89,12939.63
2023-12-04,12934.69,13025.44,12820.57,12911.15
2023-12-05,12904.51,12906.42,12663.91,12665.77
2023-12-06,12616.82,12969.88,12207.93,12559.38
2023-12-07,12549.45,12657.65,12532.74,12640.82
2023-12-08,12691.6,12722.84,12669.79,12701.01
2023-12-11,12710.06,12901.37,12300.96,12488.95
2023-12-12,12438.61,12498.1,12335.51,12394.79
2023-12-13,12337.07,12461.64,12196.26,12320.66
2023-12-14,12382.34,12527.86,12131.86,12276.13
2023-12-15,12272.81,12505.83,11866.9,12096.57
2023-12-18,12073.1,12076.53,12014.63,12018.05
2023-12-19,12008.18,12153.03,11783.02,11926.89
2023-12-20,11874.14,12037.84,11869.72,12033.35
2023-12-21,12084.83,12181.71,12049.09,12145.79
2023-12-22,12131.47,12329.88,11932.77,12131.17
2023-12-25,12181.04,12229.52,12035.71,12083.8
2023-12-26,12085.68,12177.71,12015.35,12107.26
2023-12-27,12159.29,12349.94,11815.58,12003.8
2023-12-28,12013.04,12132.98,11739.67,11858.06
2023-12-29,11888.45,11968.56,11661.63,11740.75
2024-01-01,11766.1,11883.34,11547.49,11663.71
2024-01-02,11685.54,11745.55,11460.84,11519.99
2024-01-03,11532.02,11611.58,11465.69,11545.17
2024-01-04,11537.1,11696.22,11484.24,11642.87
2024-01-05,11709.96,11799.46,11358.47,11445.95
2024-01-08,11414.85,11637.01,11232.15,11453.69
2024-01-09,11453.84,11605.14,11279.6,11430.59
2024-01-10,11431.1,11552.54,11357.06,11478.2
2024-01-11,11492.06,11505.19,11468.04,11481.15
2024-01-12,11466.37,11505.54,11264.95,11303.56
2024-01-15,11314.23,11346.56,11120.27,11152.14
2024-01-16,11146.49,11269.92,11036.91,11160.21
2024-01-17,11107.37,11405.86,10995.11,11291.74
2024-01-18,11292.06,11378.75,10939.81,11024.45
2024-01-19,10988.11,11094.12,10965.04,11070.88
2024-01-22,11013.43,11304.91,10931.26,11221.19
2024-01-23,11225.8,11244.4,11188.24,11206.8
2024-01-24,11223.22,11311.28,11191.43,11279.34
2024-01-25,11297.18,11636.06,10861.06,11196.93
2024-01-26,11215.99,11453.99,10949.34,11186.71
2024-01-29,11122.04,11177.47,10938.62,10993.41
2024-01-30,10948.62,11006.01,10661.64,10717.83
2024-01-31,10781.47,11017.64,10598.61,10833.89
2024-02-01,10799.9,10832.92,10688.64,10721.42
2024-02-02,10741.09,10753.61,10659.66,10672.1
2024-02-05,10650.13,10695.79,10469.71,10514.78
2024-02-06,10517.3,10670.19,10206.54,10357.1
2024-02-07,10337.45,10351.01,10327.9,10341.45
2024-02-08,10358.89,10372.52,10249.4,10262.9
2024-02-09,10267.11,10418.99,10158.35,10309.78
2024-02-12,10295.92,10418.75,10242.91,10365.37
2024-02-13,10332.77,10411.16,10327.83,10406.18
2024-02-14,10414.54,10539.69,10312.78,10437.7
2024-02-15,10399.8,10862.03,10167.48,10624.68
2024-02-16,10638.32,10668.03,10475.5,10504.84
2024-02-19,10587.94,10598.82,10491.91,10502.7
2024-02-20,10545.33,10654.6,10529.49,10638.63
2024-02-21,10661.58,10916.41,10538.64,10791.96
2024-02-22,10789.19,10846.08,10572.7,10628.75
2024-02-23,10567.11,10622.48,10541.23,10596.53
2024-02-26,10554.58,10905.91,10411.78,10760.32
2024-02-27,10801.81,10937.74,10689.28,10824.96
2024-02-28,10799.34,10902.03,10750.13,10852.58
2024-02-29,10829.83,10836.28,10824.5,10830.95
2024-03-01,10825.57,10994.1,10621.67,10789.64
2024-03-04,10755.31,10879.3,10704.58,10828.23
2024-03-05,10788.45,10889.24,10701.86,10802.53
2024-03-06,10800.9,10870.99,10731.7,10801.79
2024-03-07,10772.94,10946.3,10642.61,10815.46
2024-03-08,10791.44,10898.43,10632.91,10739.39
2024-03-11,10714.25,10809.43,10711.59,10806.75
2024-03-12,10823.7,11206.73,10781.55,11163.26
2024-03-13,11155.49,11265.92,10843.14,10951.55
2024-03-14,10945.69,11091.16,10850.01,10995.05
2024-03-15,11014.76,11052.76,10870.22,10907.86
2024-03-18,10903.21,11201.38,10685.15,10981.75
2024-03-19,10972.58,11011.63,10952.76,10991.77
2024-03-20,11007.29,11164.39,10932.16,11088.71
2024-03-21,11110.96,11278.1,11070.83,11237.52
2024-03-22,11232.56,11312.43,11186.1,11265.83
2024-03-25,11268.56,11551.56,11130.31,11411.56
2024-03-26,11384.83,11455.06,11056.86,11125.5
2024-03-27,11096.81,11437.8,10987.65,11326.38
2024-03-28,11352.55,11408.89,11321.49,11377.76
2024-03-29,11392.95,11556.3,11355.13,11518.06
2024-04-01,11533.81,11631.4,11272.88,11369.09
2024-04-02,11378.67,11393.68,11255.3,11270.17
2024-04-03,11271.73,11348.68,11215.95,11292.79
2024-04-04,11316.41,11417.1,11194.7,11295.19
2024-04-05,11326.93,11523.69,11138.32,11334.95
2024-04-08,11365.98,11522.68,11319.32,11475.57
2024-04-09,11472.11,11529.89,11202.69,11259.4
2024-04-10,11306.35,11473.72,11218.45,11385.21
2024-04-11,11393.02,11470.32,11313.52,11390.81
2024-04-12,11412.44,11453.92,11328.51,11369.85
2024-04-15,11379.47,11406.77,11164.97,11191.81
2024-04-16,11200.11,11285.07,11173.59,11258.42
2024-04-17,11233.6,11276.94,10925.45,10967.77
2024-04-18,10990.87,11083.92,10957.82,11050.7
2024-04-19,11145.43,11182.96,10838.53,10875.15
2024-04-22,10862.93,11013.24,10735.85,10885.9
2024-04-23,10888.22,10902.23,10861.99,10875.99
2024-04-24,10861.44,11041.03,10841.91,11021.22
2024-04-25,11005.09,11188.17,10820.93,11003.98
2024-04-26,11055.08,11104.47,10875.84,10924.65
2024-04-29,10902.61,10995.23,10775.96,10868.28
2024-04-30,10852.84,11271.26,10611.37,11025.94
2024-05-01,10973.55,11133.81,10935.78,11095.61
2024-05-02,11070.42,11122.91,11000.67,11053.07
2024-05-03,10996.56,11136.44,10889.2,11028.77
2024-05-06,11049.69,11069.98,10824.7,10844.61
2024-05-07,10936.08,10955.55,10876.01,10895.41
2024-05-08,10883.43,10961.13,10614.47,10690.8
2024-05-09,10637.47,10800.49,10621.1,10783.89
2024-05-10,10813.04,11001.32,10615.36,10803.48
2024-05-13,10779.94,11185.78,10692.06,11095.33
2024-05-14,11138.67,11214.21,10891.88,10966.26
2024-05-15,10956.98,10961.6,10953.64,10958.26
2024-05-16,10937.51,11322.04,10800.19,11181.66
2024-05-17,11175.69,11391.78,11118.42,11333.69
2024-05-20,11359.49,11387.44,11224.04,11251.73
2024-05-21,11244.05,11285.12,11242.94,11284.0
2024-05-22,11267.19,11336.42,11219.63,11288.76
2024-05-23,11282.03,11471.82,11139.15,11328.36
2024-05-24,11285.21,11357.98,11173.61,11246.12
2024-05-27,11259.53,11354.86,11144.41,11239.57
2024-05-28,11179.49,11321.76,10907.55,11048.14
2024-05-29,11033.43,11124.5,10978.12,11069.0
2024-05-30,11094.25,11131.98,11090.66,11128.38
2024-05-31,11138.51,11237.42,11006.41,11105.02
2024-06-03,11124.7,11229.75,10810.79,10913.84
2024-06-04,10911.71,11100.57,10849.43,11037.58
2024-06-05,11076.38,11228.27,10934.59,11086.36
2024-06-06,11117.16,11199.48,10921.1,11002.57
2024-06-07,11017.31,11043.96,10946.51,10973.05
2024-06-10,11003.63,11079.12,10723.64,10797.72
2024-06-11,10822.06,10824.09,10678.88,10680.89
2024-06-12,10666.81,10773.53,10515.86,10622.13
2024-06-13,10579.39,10895.61,10456.95,10770.95
2024-06-14,10784.54,10898.34,10586.81,10699.72
2024-06-17,10717.27,10894.01,10603.57,10779.65
2024-06-18,10814.97,10913.67,10622.47,10720.3
2024-06-19,10690.23,10799.55,10644.82,10753.88
2024-06-20,10724.67,10798.88,10667.34,10741.46
2024-06-21,10756.29,11006.9,10600.2,10849.45
2024-06-24,10847.13,10874.58,10762.83,10790.13
2024-06-25,10729.26,10854.33,10485.65,10609.33
2024-06-26,10621.27,10664.34,10411.07,10453.45
2024-06-27,10395.52,10581.24,10210.93,10396.63
2024-06-28,10367.19,10383.36,10242.86,10258.86
2024-07-01,10300.55,10531.45,10078.67,10309.38
2024-07-02,10365.98,10382.17,10244.77,10260.8
2024-07-03,10223.45,10538.65,10221.43,10536.56
2024-07-04,10526.16,10644.67,10224.78,10341.21
2024-07-05,10342.53,10469.88,10241.45,10368.54
2024-07-08,10424.1,10470.16,10199.52,10244.79
2024-07-09,10229.65,10287.9,10135.37,10193.41
2024-07-10,10178.84,10328.52,10064.08,10213.37
2024-07-11,10260.93,10365.51,9857.9,9959.41
2024-07-12,9948.22,10088.9,9849.12,9989.39
2024-07-15,10011.05,10237.3,9979.15,10204.77
2024-07-16,10159.65,10164.21,10153.5,10158.06
2024-07-17,10152.84,10196.58,10147.5,10191.21
2024-07-18,10140.59,10381.88,10070.76,10310.88
2024-07-19,10278.28,10437.18,10137.76,10296.42
2024-07-22,10322.37,10355.81,10201.76,10234.92
2024-07-23,10233.39,10411.23,9812.34,9985.88
2024-07-24,9976.33,10140.0,9897.56,10060.56
2024-07-25,10037.99,10072.84,10017.25,10052.07
2024-07-26,10045.42,10118.67,9872.17,9944.69
2024-07-29,9953.68,10112.09,9804.25,9962.53
2024-07-30,9991.95,10167.66,9728.6,9902.73
2024-07-31,9825.05,9952.15,9722.43,9849.28
2024-08-01,9824.73,9921.39,9822.51,9919.15
2024-08-02,9923.89,9942.81,9759.46,9778.1
2024-08-05,9775.2,9945.52,9725.65,9895.36
2024-08-06,9907.34,10053.28,9604.68,9748.28
2024-08-07,9756.11,9793.35,9644.4,9681.35
2024-08-08,9672.5,9931.84,9633.81,9892.27
2024-08-09,9876.65,10024.25,9872.18,10019.72
2024-08-12,10012.34,10063.45,9983.45,10034.49
2024-08-13,10069.13,10083.5,9921.01,9935.19
2024-08-14,9913.39,9925.21,9869.69,9881.46
2024-08-15,9879.6,10042.97,9730.23,9893.39
2024-08-16,9898.83,9922.32,9877.95,9901.43
2024-08-19,9947.89,9952.5,9890.92,9895.5
2024-08-20,9886.59,9971.46,9811.3,9896.1
2024-08-21,9924.61,9987.19,9814.45,9876.74
2024-08-22,9913.31,10032.54,9608.24,9725.2
2024-08-23,9723.34,9862.34,9535.68,9673.97
2024-08-26,9667.86,9793.2,9650.56,9775.7
2024-08-27,9766.06,9815.42,9584.83,9633.52
2024-08-28,9626.13,9639.13,9604.3,9617.3
2024-08-29,9641.97,9686.78,9490.47,9534.78
2024-08-30,9541.39,9576.67,9515.03,9550.28
2024-09-02,9557.03,9561.93,9508.47,9513.35
2024-09-03,9481.29,9684.81,9469.79,9673.08
2024-09-04,9645.05,9769.73,9606.69,9731.03
2024-09-05,9793.8,9819.16,9570.62,9595.46
2024-09-06,9590.34,9691.07,9569.87,9670.43
2024-09-09,9647.98,9792.94,9448.1,9592.22
2024-09-10,9633.49,9863.27,9307.9,9535.34
2024-09-11,9543.41,9673.59,9442.26,9572.14
2024-09-12,9588.76,9695.04,9418.75,9524.31
2024-09-13,9520.37,9703.21,9440.18,9622.17
2024-09-16,9612.97,9621.71,9535.68,9544.35
2024-09-17,9539.5,9614.7,9408.63,9483.38
2024-09-18,9444.13,9493.27,9369.92,9418.93
2024-09-19,9416.44,9430.7,9350.07,9364.25
2024-09-20,9372.57,9526.09,9328.94,9481.95
2024-09-23,9534.74,9609.76,9476.67,9551.58
2024-09-24,9554.05,9757.76,9533.52,9736.84
2024-09-25,9668.89,9988.53,9667.18,9986.76
2024-09-26,9983.95,10123.13,9740.41,9878.12
2024-09-27,9959.64,10061.43,9788.67,9889.73
2024-09-30,9915.47,10013.34,9670.12,9766.51
2024-10-01,9742.78,9808.29,9622.06,9687.2
2024-10-02,9704.39,9725.35,9603.36,9624.14
2024-10-03,9602.74,9654.38,9465.5,9516.68
2024-10-04,9478.1,9631.55,9258.61,9410.96
2024-10-07,9401.13,9523.87,9277.08,9399.79
2024-10-08,9402.38,9457.25,9224.39,9278.54
2024-10-09,9226.57,9597.72,9000.96,9368.63
2024-10-10,9336.39,9437.01,9178.25,9278.24
2024-10-11,9278.53,9726.9,9129.65,9573.29
2024-10-14,9561.58,9632.54,9458.97,9529.69
2024-10-15,9540.98,9615.66,9466.38,9541.06
2024-10-16,9506.35,9594.1,9322.98,9409.84
2024-10-17,9430.02,9862.73,9163.79,9591.93
2024-10-18,9557.93,9909.0,9366.73,9714.67
2024-10-21,9762.66,9822.4,9690.68,9750.35
2024-10-22,9700.29,9854.64,9457.88,9610.81
2024-10-23,9579.36,9673.15,9543.38,9636.96
2024-10-24,9649.03,9666.59,9505.29,9522.62
2024-10-25,9570.28,9691.97,9559.35,9680.91
2024-10-28,9690.06,9849.77,9612.32,9771.37
2024-10-29,9787.89,9855.12,9718.34,9785.55
2024-10-30,9786.06,9910.79,9409.12,9530.59
2024-10-31,9501.29,9605.1,9328.76,9431.82
2024-11-01,9417.96,9541.49,9384.04,9507.25
2024-11-04,9472.74,9757.77,9355.82,9638.8
2024-11-05,9601.89,9898.02,9467.12,9761.02
2024-11-06,9772.79,9778.58,9589.72,9595.41
2024-11-07,9563.13,9792.82,9402.59,9631.14
2024-11-08,9640.38,9847.95,9536.77,9743.23
2024-11-11,9705.25,9773.42,9503.71,9570.94
2024-11-12,9579.45,9586.61,9566.77,9573.93
2024-11-13,9559.91,9616.89,9549.72,9606.66
2024-11-14,9647.28,9776.86,9450.1,9578.76
2024-11-15,9588.06,9624.98,9353.18,9389.33
2024-11-18,9424.21,9438.83,9344.98,9359.5
2024-11-19,9338.3,9354.73,9313.18,9329.59
2024-11-20,9331.16,9335.31,9313.99,9318.13
2024-11-21,9290.75,9397.41,9157.9,9264.26
2024-11-22,9252.77,9253.07,9222.61,9222.91
2024-11-25,9215.66,9254.63,9183.63,9222.57
2024-11-26,9202.51,9317.33,9156.8,9271.28
2024-11-27,9237.53,9289.03,9192.52,9243.98
2024-11-28,9204.86,9319.69,9091.29,9206.1
2024-11-29,9141.71,9280.02,9081.34,9219.14
2024-12-02,9189.97,9311.15,8910.93,9030.0
2024-12-03,9047.01,9097.65,9030.56,9081.14
2024-12-04,9037.69,9141.03,8981.67,9084.71
2024-12-05,9047.5,9290.65,8850.15,9092.32
2024-12-06,9141.3,9238.57,9095.58,9192.59
2024-12-09,9175.06,9188.08,8988.05,9000.83
2024-12-10,9009.51,9047.68,8773.71,8811.03
2024-12-11,8828.03,8855.23,8813.97,8841.15
2024-12-12,8858.74,8897.39,8805.4,8843.99
2024-12-13,8803.69,9029.78,8639.15,8864.11
2024-12-16,8857.97,8929.86,8751.09,8822.69
2024-12-17,8779.96,8909.97,8761.19,8890.96
2024-12-18,8956.45,9011.06,8931.71,8986.23
2024-12-19,8943.34,9114.66,8867.3,9037.82
2024-12-20,9009.45,9132.14,8892.92,9015.53
2024-12-23,8987.43,9005.14,8795.07,8812.44
2024-12-24,8772.96,9017.11,8648.4,8890.88
2024-12-25,8927.03,9030.89,8911.07,9014.77
2024-12-26,9080.52,9193.07,8970.03,9082.55
2024-12-27,9069.59,9087.56,8980.86,8998.69
2024-12-30,8963.11,9073.52,8958.9,9069.26
2024-12-31,9008.6,9228.82,8940.1,9159.18
2025-01-01,9152.47,9371.08,9103.6,9321.31
2025-01-02,9312.47,9557.16,8992.94,9235.6
2025-01-03,9217.58,9261.8,9172.09,9216.31
2025-01-06,9222.44,9378.19,9141.0,9296.1
2025-01-07,9307.13,9423.57,9189.27,9305.69
2025-01-08,9314.72,9330.17,9180.45,9195.7
2025-01-09,9186.98,9274.85,9153.76,9241.43
2025-01-10,9210.94,9438.5,9077.95,9304.16
2025-01-13,9322.77,9380.57,9259.13,9316.9
2025-01-14,9317.25,9405.93,9254.66,9343.16
2025-01-15,9368.1,9371.97,9316.49,9320.34
2025-01-16,9342.46,9549.29,9271.13,9476.93
2025-01-17,9436.59,9517.92,9306.35,9387.25
2025-01-20,9346.95,9431.34,9246.3,9330.53
2025-01-21,9309.41,9459.54,9185.61,9335.39
2025-01-22,9305.86,9518.2,9218.69,9429.86
2025-01-23,9451.25,9464.99,9266.04,9279.53
2025-01-24,9289.31,9297.14,9142.68,9150.4
2025-01-27,9180.62,9318.62,8816.6,8951.15
2025-01-28,8961.8,8973.38,8946.39,8957.95
2025-01-29,8963.56,9011.96,8804.18,8851.97
2025-01-30,8883.89,8988.37,8714.43,8818.13
2025-01-31,8830.57,8925.07,8791.82,8886.08
2025-02-03,8887.89,8894.85,8820.2,8827.12
2025-02-04,8866.41,8916.64,8802.99,8853.14
2025-02-05,8856.2,8922.81,8761.18,8827.57
2025-02-06,8819.52,9069.05,8648.59,8896.64
2025-02-07,8874.3,8974.13,8847.23,8946.83
2025-02-10,8965.72,9093.49,8755.96,8882.55
2025-02-11,8915.57,9028.55,8757.24,8869.63
2025-02-12,8868.28,9006.43,8837.86,8975.64
2025-02-13,9010.93,9042.11,8987.01,9018.17
2025-02-14,8965.03,9015.19,8834.5,8884.2
2025-02-17,8882.73,8975.95,8859.05,8952.09
2025-02-18,8951.01,8993.85,8807.11,8849.46
2025-02-19,8830.18,9055.5,8767.45,8991.63
2025-02-20,9056.16,9157.76,8995.8,9097.13
2025-02-21,9095.32,9301.22,8924.59,9129.83
2025-02-24,9118.67,9154.28,9113.71,9149.3
2025-02-25,9150.01,9258.26,9023.9,9131.94
2025-02-26,9077.23,9312.95,8969.81,9204.03
2025-02-27,9183.07,9245.83,9107.57,9170.23
2025-02-28,9197.32,9202.54,9192.49,9197.71
2025-03-03,9180.37,9361.75,9109.53,9290.06
2025-03-04,9266.99,9310.51,9193.15,9236.52
2025-03-05,9272.88,9340.66,9110.71,9177.8
2025-03-06,9214.78,9227.61,9049.01,9061.63
2025-03-07,9075.7,9134.2,8901.98,8959.73
2025-03-10,8947.51,8979.08,8753.84,8784.84
2025-03-11,8778.53,8952.52,8686.06,8859.2
2025-03-12,8837.85,9199.13,8683.13,9040.86
2025-03-13,9013.92,9195.19,9006.27,9187.4
2025-03-14,9158.66,9210.6,8976.93,9028.13
2025-03-17,9011.41,9147.06,8968.84,9104.05
2025-03-18,9075.83,9336.92,8991.82,9251.28
2025-03-19,9207.99,9227.55,9189.03,9208.6
2025-03-20,9214.66,9311.94,9125.36,9222.57
2025-03-21,9229.06,9271.35,8983.36,9024.71
2025-03-24,9070.88,9140.37,8985.48,9054.85
2025-03-25,9036.71,9049.08,8940.87,8953.11
2025-03-26,8961.07,9015.81,8921.72,8976.39
2025-03-27,8984.81,9114.71,8699.47,8827.08
2025-03-28,8820.36,8911.15,8792.9,8883.5
2025-03-31,8903.36,9038.71,8852.9,8987.77
2025-04-01,9008.7,9065.72,8857.82,8914.24
2025-04-02,8923.0,9013.54,8717.62,8806.98
2025-04-03,8800.22,8874.83,8531.07,8604.01
2025-04-04,8594.78,8676.76,8500.4,8582.26
2025-04-07,8547.12,8647.31,8430.93,8530.94
2025-04-08,8510.34,8569.91,8331.25,8389.98
2025-04-09,8374.34,8456.8,8352.97,8435.27
2025-04-10,8406.88,8412.76,8391.11,8396.98
2025-04-11,8408.07,8599.91,8112.12,8301.52
2025-04-14,8331.38,8482.08,8105.03,8254.34
2025-04-15,8231.88,8421.28,8167.1,8355.53
2025-04-16,8362.63,8566.42,8211.64,8414.49
2025-04-17,8388.43,8513.03,8281.45,8405.83
2025-04-18,8398.14,8527.18,8338.1,8466.65
2025-04-21,8449.14,8612.92,8200.46,8362.57
2025-04-22,8377.68,8404.38,8342.22,8368.89
2025-04-23,8351.87,8467.08,8270.93,8385.82
2025-04-24,8411.31,8490.73,8267.12,8345.93
2025-04-25,8339.78,8490.68,8239.05,8389.36
2025-04-28,8373.02,8430.3,8264.05,8320.97
2025-04-29,8289.74,8423.52,8237.84,8371.11
2025-04-30,8377.47,8559.81,8243.89,8425.45
2025-05-01,8448.11,8499.09,8113.39,8162.65
2025-05-02,8169.34,8289.47,8153.61,8273.54
2025-05-05,8329.29,8423.8,7913.16,8003.97
2025-05-06,8038.38,8062.08,7929.65,7953.1
2025-05-07,7945.76,8083.26,7909.48,8046.53
2025-05-08,8038.85,8071.71,7988.91,8021.7
2025-05-09,8033.01,8104.9,7825.85,7896.52
2025-05-12,7876.69,7945.39,7737.13,7805.21
2025-05-13,7832.56,7955.6,7774.47,7897.03
2025-05-14,7905.6,7975.07,7667.0,7734.96
2025-05-15,7740.91,7837.79,7737.91,7834.75
2025-05-16,7850.92,7873.34,7810.76,7833.14
2025-05-19,7873.73,7922.82,7685.94,7734.16
2025-05-20,7738.13,7776.26,7649.9,7687.78
2025-05-21,7685.18,7803.01,7488.68,7605.28
2025-05-22,7639.78,7701.95,7619.12,7681.17
2025-05-23,7703.5,7758.3,7691.66,7746.4
2025-05-26,7738.94,7756.8,7586.78,7604.33
2025-05-27,7604.45,7768.13,7410.65,7573.67
2025-05-28,7578.11,7665.14,7418.91,7505.1
2025-05-29,7513.25,7664.02,7465.58,7615.7
2025-05-30,7584.77,7603.03,7488.36,7506.43
2025-06-02,7471.78,7657.54,7457.69,7643.13
2025-06-03,7622.81,7653.2,7613.02,7643.39
2025-06-04,7621.3,7668.33,7502.75,7549.34
2025-06-05,7534.77,7563.86,7467.35,7496.3
2025-06-06,7510.59,7606.56,7338.47,7433.46
2025-06-09,7429.7,7515.58,7248.13,7332.9
2025-06-10,7337.22,7416.39,7264.38,7343.49
2025-06-11,7316.57,7347.67,7217.05,7247.86
2025-06-12,7237.83,7265.65,7051.72,7078.93
2025-06-13,7091.41,7216.13,6928.22,7052.25
2025-06-16,7064.85,7127.12,6855.57,6916.54
2025-06-17,6901.52,6958.87,6805.26,6862.29
2025-06-18,6865.62,6881.59,6780.91,6796.73
2025-06-19,6841.71,6858.95,6717.63,6734.6
2025-06-20,6734.24,6975.21,6648.21,6887.23
2025-06-23,6872.92,6941.69,6825.64,6894.26
2025-06-24,6890.66,6945.54,6860.89,6915.66
2025-06-25,6917.57,6995.85,6707.77,6784.55
2025-06-26,6781.47,6794.05,6726.11,6738.61
2025-06-27,6737.98,6765.72,6729.57,6757.29
2025-06-30,6728.09,6738.16,6674.24,6684.24
2025-07-01,6664.96,6807.05,6612.65,6754.04
2025-07-02,6751.02,6838.36,6581.67,6667.94
2025-07-03,6664.64,6707.81,6606.56,6649.63
2025-07-04,6638.35,6639.54,6608.35,6609.55
2025-07-07,6606.04,6685.86,6544.49,6624.15
2025-07-08,6625.37,6746.9,6459.57,6580.28
2025-07-09,6597.86,6605.78,6555.44,6563.32
2025-07-10,6561.37,6644.96,6465.49,6548.92
2025-07-11,6556.76,6653.39,6403.05,6498.83
2025-07-14,6488.28,6556.65,6467.98,6536.21
2025-07-15,6547.44,6669.19,6434.39,6555.99
2025-07-16,6563.39,6565.87,6549.75,6552.23
2025-07-17,6569.27,6624.38,6469.16,6523.88
2025-07-18,6537.86,6610.07,6511.9,6583.93
2025-07-21,6595.57,6625.44,6539.75,6569.5
2025-07-22,6567.56,6606.72,6510.94,6549.99
2025-07-23,6554.81,6679.12,6435.95,6560.16
2025-07-24,6581.13,6762.15,6506.59,6686.42
2025-07-25,6673.35,6711.03,6553.98,6591.19
2025-07-28,6578.78,6696.81,6532.38,6649.91
2025-07-29,6653.53,6722.62,6447.81,6515.46
2025-07-30,6523.58,6545.41,6511.85,6533.66
2025-07-31,6517.53,6753.72,6416.39,6650.51
2025-08-01,6649.02,6812.28,6526.51,6689.03
2025-08-04,6687.15,6802.27,6589.41,6704.28
2025-08-05,6659.87,6686.53,6639.1,6665.74
2025-08-06,6661.35,6731.4,6600.72,6670.68
2025-08-07,6667.54,6725.53,6597.0,6654.88
2025-08-08,6651.68,6668.45,6583.58,6600.23
2025-08-11,6628.32,6665.45,6544.98,6581.85
2025-08-12,6557.88,6603.08,6553.7,6598.87
2025-08-13,6582.56,6610.22,6518.53,6546.03
2025-08-14,6494.93,6587.19,6398.62,6490.82
2025-08-15,6481.46,6512.66,6366.19,6396.98
2025-08-18,6389.39,6464.99,6351.73,6427.11
2025-08-19,6417.28,6620.17,6266.67,6468.36
2025-08-20,6489.89,6493.71,6483.65,6487.46
2025-08-21,6504.23,6679.58,6385.0,6559.33
2025-08-22,6560.86,6644.95,6484.3,6568.3
2025-08-25,6561.0,6706.59,6454.35,6599.32
2025-08-26,6619.67,6642.33,6601.41,6624.06
2025-08-27,6623.67,6693.71,6550.05,6620.04
2025-08-28,6603.81,6703.25,6484.99,6584.14
2025-08-29,6550.32,6763.67,6536.24,6749.16
2025-09-01,6740.24,6785.78,6672.99,6718.38
2025-09-02,6733.61,6735.63,6670.01,6672.02
2025-09-03,6717.74,6871.88,6552.75,6706.63
2025-09-04,6707.87,6792.16,6643.83,6727.93
2025-09-05,6712.5,6714.65,6625.29,6627.41
2025-09-08,6603.89,6762.4,6554.75,6712.45
2025-09-09,6723.57,6838.44,6593.58,6708.18
2025-09-10,6672.76,6695.14,6607.12,6629.36
2025-09-11,6640.31,6779.0,6581.31,6719.3
2025-09-12,6735.8,6854.86,6649.77,6768.41
2025-09-15,6777.28,6790.95,6664.12,6677.59
2025-09-16,6673.19,6816.09,6669.31,6812.14
2025-09-17,6823.69,6967.99,6720.74,6864.43
2025-09-18,6867.95,6881.86,6852.5,6866.4
2025-09-19,6850.39,7000.92,6840.05,6990.36
2025-09-22,7029.28,7082.16,6952.72,7005.43
2025-09-23,6998.04,7087.84,6916.36,7006.06
2025-09-24,7022.39,7036.04,6944.62,6958.14
2025-09-25,6907.84,7033.72,6880.14,7005.62
2025-09-26,7032.5,7053.88,7023.9,7045.26
2025-09-29,7076.38,7129.21,6996.59,7049.22
2025-09-30,7049.85,7084.23,6956.93,6991.03
2025-10-01,7002.75,7049.97,6956.62,7003.83
2025-10-02,7015.57,7024.01,6992.83,7001.25
2025-10-03,6987.76,7079.41,6811.54,6902.06
2025-10-06,6913.4,6963.98,6744.23,6793.94
2025-10-07,6777.48,6847.78,6768.82,6839.04
2025-10-08,6826.56,6838.16,6637.43,6648.73
2025-10-09,6671.25,6674.95,6662.74,6666.44
2025-10-10,6685.96,6781.9,6538.93,6634.13
2025-10-13,6620.08,6816.57,6537.9,6732.98
2025-10-14,6718.18,6763.96,6653.56,6699.21
2025-10-15,6686.25,6811.64,6625.88,6750.69
2025-10-16,6765.54,6802.53,6687.2,6723.96
2025-10-17,6703.82,6772.15,6666.92,6735.08
2025-10-20,6742.29,6865.12,6670.31,6792.6
2025-10-21,6807.84,6867.38,6701.7,6760.83
2025-10-22,6759.04,6850.65,6746.63,6838.09
2025-10-23,6858.84,6904.78,6721.14,6766.46
2025-10-24,6760.28,6808.38,6743.12,6791.14
2025-10-27,6786.78,6863.66,6786.28,6863.16
2025-10-28,6843.06,6956.2,6803.22,6915.93
2025-10-29,6937.07,7122.32,6881.88,7066.1
2025-10-30,7049.87,7092.89,6967.04,7009.81
2025-10-31,7017.17,7108.88,6816.76,6907.03
2025-11-03,6905.55,6924.75,6815.63,6834.63
2025-11-04,6813.08,6888.46,6811.85,6887.22
2025-11-05,6874.64,6974.07,6828.74,6927.81
2025-11-06,6956.62,6958.08,6936.93,6938.39
2025-11-07,6942.59,6960.79,6837.98,6855.95
2025-11-10,6835.22,6918.62,6833.42,6916.79
2025-11-11,6923.13,6977.59,6773.27,6826.97
2025-11-12,6823.98,6957.67,6784.17,6917.32
2025-11-13,6989.37,7148.99,6981.61,7141.06
2025-11-14,7147.17,7173.42,7146.52,7172.77
2025-11-17,7164.58,7276.76,7110.07,7221.81
2025-11-18,7252.64,7259.02,7179.33,7185.64
2025-11-19,7146.06,7259.78,6934.65,7046.79
2025-11-20,7048.78,7058.49,6993.38,7003.03
2025-11-21,7045.05,7059.79,6907.63,6922.11
2025-11-24,6919.7,6930.11,6805.27,6815.53
2025-11-25,6780.18,7029.17,6701.62,6948.66
2025-11-26,6940.41,7035.95,6877.1,6972.34
2025-11-27,7002.83,7037.03,6970.13,7004.32
2025-11-28,7012.23,7082.32,6913.54,6983.35
2025-12-01,6965.79,6974.9,6963.76,6972.87
2025-12-02,6958.55,7080.13,6928.87,7050.06
2025-12-03,7038.24,7126.47,6962.27,7050.38
2025-12-04,7058.02,7191.33,6961.67,7094.49
2025-12-05,7123.03,7201.72,7003.81,7082.04
2025-12-08,7104.44,7157.77,7005.27,7058.26
2025-12-09,7067.92,7098.73,6922.35,6952.65
2025-12-10,6924.93,7035.46,6697.12,6805.75
2025-12-11,6778.69,6803.32,6764.3,6788.91
2025-12-12,6799.78,6815.79,6779.84,6795.85
2025-12-15,6768.47,6811.26,6660.69,6703.06
2025-12-16,6698.53,6762.62,6639.15,6703.2
2025-12-17,6709.32,6743.59,6675.58,6709.85
2025-12-18,6686.99,6699.9,6542.55,6555.21
2025-12-19,6535.1,6588.38,6439.22,6492.15
2025-12-22,6490.32,6590.52,6424.05,6523.91
2025-12-23,6533.77,6555.08,6533.06,6554.37
2025-12-24,6575.27,6639.75,6410.81,6474.3
2025-12-25,6486.11,6544.35,6429.96,6488.19
2025-12-26,6489.63,6596.73,6457.47,6564.2
2025-12-29,6549.52,6651.01,6522.02,6623.2
2025-12-30,6601.95,6637.66,6583.24,6618.91
2025-12-31,6608.77,6646.48,6549.97,6587.56
